Subject,Start Date,Start Time,End Date,End Time,All Day Event,Description,Location
Bylo nebylo: Letní filmová škola,30/07/2024,16:00,30/07/2024,17:30,False,"90 min.
Letní filmová škola slaví 50. narozeniny, byly ovšem doby, kdy se velmi lišila od festivalu, jak ho známe dnes. O akci pro zástupce filmových klubů, její podobě, lidech, kteří ji vymysleli, a ošidných hrátkách doby bude se svými hosty a pamětníky diskutovat ředitelka Letní filmové školy Radana Korená.
https://program.lfs.cz/detail/?film=Once-Upon-a-Time-at-Summer-Film-School","Uherské Hradiště, Respekt stan"
Slavnostní zakončení + Vlny,31/07/2024,19:00,31/07/2024,22:41,False,"Vlny / Jiří Mádl / Česká republika, Slovensko 2024 / 131 min. / DCP
Redakce mezinárodního života Československého rozhlasu představuje na podzim 1967 společenství mimořádně schopných a odvážných lidí, kteří chtějí zemi zbavit cenzury. Zdá se ale, že mezi sebou mají zrádce, který donáší Státní bezpečnostní. Dynamický thriller plný dobových hitů o tom, že boj za svobodu a demokracii je věčný. Účast možná pouze se vstupenkou.
https://program.lfs.cz/detail/?film=Closing-Ceremony-%2b-Waves","Uherské Hradiště, Kino Hvězda"
Comeback Talk,30/07/2024,14:30,30/07/2024,16:00,False,"90 min.
Čtyři známí režiséři se vracejí na Letní filmovou školu. Jak vidí zpětně svoje začátky a co by dnes poradili začínajícím filmařům? Co považují za svůj největší filmařský fuckup? Na jaký svůj film jsou naopak nejvíc pyšní? O jakém tématu sní a nezpracovali ho? Čtyři různorodé filmařské osobnosti Fridrik Thór Fridriksson, Mohsen Makhmalbaf, Sean Ellis a Peter Strickland ve společném „Comeback Talku“, který bude moderovat Pavel Sladký.
https://program.lfs.cz/detail/?film=Comeback-Talk","Uherské Hradiště, Klub kultury - Malý sál"
Na Chesilské pláži,27/07/2024,12:30,27/07/2024,14:35,False,"On Chesil Beach / Dominic Cooke / Velká Británie 2017 / 110 min. / 15 let / HD file
Emocionálně dravá intimní romance o názorové konfrontaci mladých novomanželů během a po jejich svatební noci vyšla ze stejnojmenného románu britského spisovatele Iana McEwana. Celovečerní debut významného divadelního režiséra Dominica Cookea nabízí narativní mozaiku střípků vzpomínek na jeden vztah.
https://www.csfd.cz/film/282507-na-chesilske-plazi/recenze/
https://www.imdb.com/title/tt1667321/reference
https://program.lfs.cz/detail/?film=On-Chesil-Beach","Uherské Hradiště, Kino Mír"
Na Chesilské pláži,31/07/2024,18:00,31/07/2024,20:05,False,"On Chesil Beach / Dominic Cooke / Velká Británie 2017 / 110 min. / 15 let / HD file
Emocionálně dravá intimní romance o názorové konfrontaci mladých novomanželů během a po jejich svatební noci vyšla ze stejnojmenného románu britského spisovatele Iana McEwana. Celovečerní debut významného divadelního režiséra Dominica Cookea nabízí narativní mozaiku střípků vzpomínek na jeden vztah.
https://www.csfd.cz/film/282507-na-chesilske-plazi/recenze/
https://www.imdb.com/title/tt1667321/reference
https://program.lfs.cz/detail/?film=On-Chesil-Beach","Uherské Hradiště, Kino Mír"
"Omlatina: Bárt, Massalema, Wawracz",30/07/2024,19:30,30/07/2024,20:30,False,"60 min.
Omlatina je platforma autorských čtení. Mladí básníci a básnířky z Česka i zahraničí. Poezie, hudba i perfo. Pravidelně v Praze, Brně, Ostravě a Olomouci.
https://program.lfs.cz/detail/?film=Omlatina--B%c3%a1rt%2c-Massalema%2c-Wawracz","Uherské Hradiště, Stan literatury/Nové reality"
Ukradená vzducholoď,28/07/2024,21:30,28/07/2024,23:13,False,"Karel Zeman / ČSSR 1966 / 88 min. / HD file
Z jubilejní výstavy v roce 1891 vzducholodí až na exotický ostrov uprostřed oceánu. To je ve zkratce napínavé dobrodružství pěti pražských kluků ve filmu Ukradená vzducholoď, který je oslavou dětské svobody, vědecko-technického pokroku a také kritikou vypočítavého světa dospělých plného sobectví a korupce.
https://www.csfd.cz/film/10123-ukradena-vzducholod/prehled/
https://www.imdb.com/title/tt0062412/reference
https://program.lfs.cz/detail/?film=The-Stolen-Airship","Uherské Hradiště, Letní kino Smetanovy sady"
Bláznova kronika,29/07/2024,21:30,29/07/2024,23:07,False,"Karel Zeman / ČSSR 1964 / 82 min. / HD file
Bláznová kronika patří k méně proslulým Zemanovým filmům. Jakkoliv zaznamenala značný mezinárodní úspěch, do paměti diváků se nezapsala tak silně jako Baron Prášil či Vynález zkázy. Krom jiného se zdá, že za to může i střet koncepcí, dvou zcela rozdílných autorských světů při jeho přípravě.
https://www.csfd.cz/film/10100-blaznova-kronika/prehled/
https://www.imdb.com/title/tt0057894/reference
https://program.lfs.cz/detail/?film=A-Jester%27s-Tale","Uherské Hradiště, Letní kino Smetanovy sady"
Podivuhodné příběhy,31/07/2024,13:30,31/07/2024,15:46,False,"Histoires extraordinaires / (I) Roger Vadim, (II) Louis Malle, (III) Federico Fellini / Francie, Itálie 1968 / 121 min. / DCP
Adaptace tří povídek E. A. Poea nese nezaměnitelné rukopisy režisérů Rogera Vadima, Louise Mallea a Federika Felliniho. Surrealistická zápletka třetí z nich líčí příběh ztroskotaného anglického herce, jenž má v Římě natáčet film, zjevuje se mu ale Ďábel v podobě dívenky s bílým balónem.
https://www.csfd.cz/film/116446-podivuhodne-pribehy/prehled/
https://www.imdb.com/title/tt0063715/?ref_=fn_al_tt_4
https://program.lfs.cz/detail/?film=Spirits-of-the-Dead","Uherské Hradiště, Orlovna"
"Slavnostní zahájení + Hello, Welcome",27/07/2024,19:00,27/07/2024,21:55,False,"Hello, Welcome / Šimon Holý / Česká republika 2024 / 85 min. / DCP
Je jim přes třicet, všechny tři jsou herečky a všechny touží posunout svoji kariéru. Mezinárodní filmový festival v Karlových Varech má být ta správná příležitost. Jenže věci se nevyvíjejí, jak mají, a do ohrožení se dostává i jejich přátelství. Režisér Šimon Holý uzavírá svou trilogii o ženách na pokraji změny. Účast možná pouze se vstupenkou.
https://program.lfs.cz/detail/?film=Opening-Ceremony-%2b-Hello%2c-Welcome","Uherské Hradiště, Kino Hvězda"
Investigativa ve veřejném zájmu,30/07/2024,15:30,30/07/2024,16:30,False,"60 min.
Investigativní reportéři Radiožurnálu na svých posledních kauzách předvedou, jak vypadá jejich práce. Jak vzniká reportáž, na jejímž konci mohou skončit někteří aktéři v policejních poutech? Vystoupí: Artur Janoušek, Antonín Viktora, Jakub Mikel.
https://program.lfs.cz/detail/?film=Investigative-Work-in-Public-Interest","Uherské Hradiště, Stan ČRo"
FAMU Films History: Pod pláštěm normalizace (kinolektorát),29/07/2024,12:30,29/07/2024,13:55,False,"85 min. / HD file
V průběhu 80. let se i na znormalizované FAMU začaly projevovat určité tendence ve filmech, které měly velmi pozitivní vliv nejen na tvůrce, ale posléze také na československou kinematografii. Začali se prosazovat noví mladí tvůrci, kteří se nebáli žánrového filmu, ale také absurdních komedií. V rámci kinolektorátu si představíme čtyři z nich.
https://program.lfs.cz/detail/?film=FAMU-Films-History--Under-the-cloak-of-normalization-(cinema-lecture)","Uherské Hradiště, Kino Mír"
Anthropoid,31/07/2024,14:00,31/07/2024,17:01,False,"Sean Ellis / Velká Británie, Česká republika, Francie 2016 / 121 min. / 15 let / DCP
Parašutisté Jan Kubiš a Josef Gabčík ožívají v další inkarnaci stěžejní vojenské operace s cílem zlikvidovat zastupujícího říšského protektora Reinharda Heydricha. Čerstvý výherce Oscara Cillian Murphy a Jamie Dornan ve svých rolích zkoumají otázku hrdinství, které si však vybírá vysokou daň – lidské životy.
https://www.csfd.cz/film/405971-anthropoid/prehled/
http://www.imdb.com/title/tt4190530/combined
https://program.lfs.cz/detail/?film=Anthropoid","Uherské Hradiště, Sportovní hala"
Maraton studentských filmů,29/07/2024,22:00,30/07/2024,1:32,False,"Česká republika 2024 / 212 min. / DCP
Již tradičně Česká televize ve spolupráci s Letní filmovou školou přináší Maraton studentských filmů, které v posledním roce vznikly rukama nových talentů na středních i vysokých školách, zaměřených na film a audiovizuální tvorbu napříč celou republikou. Do maratonu je letos zařazeno celkem 27 filmů ze 14 různých škol.
https://program.lfs.cz/detail/?film=Maraton-studentsk%c3%bdch-film%c5%af","Uherské Hradiště, Letní kino Masarykovo náměstí"
IOOkamžiků,30/07/2024,17:00,30/07/2024,17:30,False,"30 min.
Letos je tomu 100 let, co Česká tisková kancelář (ČTK) začala produkovat fotozpravodajství vlastními silami.
https://program.lfs.cz/detail/?film=100-Moments","Uherské Hradiště, Palackého náměstí"
Workshop: Filmové dějiny jako herní a virtuální zážitek,28/07/2024,16:00,28/07/2024,18:00,False,"120 min.

https://program.lfs.cz/detail/?film=Workshop--Film-History-Perceived-Through-Games-and-Virtual-Reality","Uherské Hradiště, HUB 123"
IRMF uvádí: I cesta je cíl,29/07/2024,21:00,29/07/2024,22:00,False,"Čína, Velká Británie, USA / 60 min.
Putování jako cesta k sebepoznání a proměně. Tři odlišné příběhy spojené tématem cesty — fyzické i vnitřní. Od dálničního dobrodružství přes surreálně laděnou pouť, až po neobvyklý pohled na kontinuální cestu kolem světa. Zatímco některé cesty jsou podniknuty z nutnosti, jiné vycházejí ze svobodné vůle. Všechny však vedou k významnému sebepoznání a novým perspektivám. Vizuálně okouzlující i myšlenkově podnětné, tyto filmy oslavují cestu jako prostředek k sebereflexi, osvobození a nalezení smyslu ve zdánlivě bezvýchodných situacích.
https://program.lfs.cz/detail/?film=IRMF-Presents---The-Journey-Is-The-Destination","Uherské Hradiště, Respekt stan"
Mulholland Drive,30/07/2024,17:00,30/07/2024,19:42,False,"Mulholland Dr. / David Lynch / USA, Francie 2001 / 147 min. / 15 let / DCP
Hranice mezi snem a realitou ještě nikdy nebyla tenčí. Zvlášť když se člověk nachází v Hollywoodu, kde se identity slévají a zanikají. V prostředí plném absurdních příběhů se jednu ztracenou identitu pokouší nalézt i žena beze jména, která ztratila paměť. Nejoceňovanější film Davida Lynche o městě snů a nočních můr.
https://www.csfd.cz/film/6256-mulholland-drive/recenze/
https://www.imdb.com/title/tt0166924/reference
https://program.lfs.cz/detail/?film=Mulholland-Dr","Uherské Hradiště, Klub kultury - Velký sál"
Best of LFŠ II,01/08/2024,11:00,01/08/2024,13:00,False,"120 min.

https://program.lfs.cz/detail/?film=Best-of-SFS-II","Uherské Hradiště, Klub kultury - Velký sál"
Darmošlapové,26/07/2024,19:30,26/07/2024,21:34,False,"I vitelloni / Federico Fellini / Itálie, Francie 1953 / 109 min. / DCP
Druhý snímek Federika Felliniho skicuje tragikomický portrét nezaměstnaných budižkničemů, kteří odmítají změnit pohodlný život a parazitují na svých rodinách. Ve filmu, který reflektuje režisérovy vzpomínky na flákače z města Rimini, ztvárnila jednu z vedlejších rolí Lída Baarová.
https://www.csfd.cz/film/2617-darmoslapove/prehled/
https://www.imdb.com/title/tt0046521/?ref_=nv_sr_srsg_0_tt_5_nm_3_q_i%2520vitelloni
https://program.lfs.cz/detail/?film=I-Vitelloni","Uherské Hradiště, Orlovna"
Manželé Stodolovi,26/07/2024,15:00,26/07/2024,17:47,False,"Petr Hátle / Česká republika 2023 / 107 min. / 15 let / DCP
Manželé Stodolovi oloupili a zavraždili osm lidí důchodového věku. Celkem jim bylo prokázáno sedmnáct násilných trestných činů a oba byli odsouzeni na doživotí. Celovečerní debut Petra Hátleho se při rekonstrukci případu vyhýbá exploataci zla a sází na intimní studii manipulace, závislosti a zvrácenosti.
https://program.lfs.cz/detail/?film=Mr-and-Mrs-Stodola","Uherské Hradiště, Klub kultury - Velký sál"
Jižanská gotika v současných televizních seriálech,30/07/2024,16:00,30/07/2024,16:45,False,"45 min.
Představení knihy s diskusí. Lokální traumata, násilí, groteskní postavy a nehostinná krajina.
https://program.lfs.cz/detail/?film=Southern-Gothic-in-Contemporary-TV-Series","Uherské Hradiště, Stan literatury/Nové reality"
"Metly lidstva. Alkohol, kouření a drogy za socialismu",28/07/2024,12:00,28/07/2024,13:00,False,"60 min.
Triptych archivních pásem představí divákům, jakým způsobem se Československo v období socialismu vypořádalo s nejběžnějšími závislostmi. O problému alkoholismu se hovořilo otevřeně už od 50. let, celkový přístup k pití se ale postupně měnil a změna vyvrcholila v období perejstrojky. Ve stejném období se proměnil i náhled na kouření, které bylo dlouhá desetiletí tolerováno v podstatě na všech veřejných místech. Nejsložitější je případ drog, které dlouho byly rámovány pouze jako problém Západu, a když představitelé státu přiznali, že narkomanie existuje i u nás, bylo už skoro pozdě. V ukázkách uvidíte Jiřinu Bohdalovou jako učitelku abstinence, Jiřího Bartošku jako zpívajícího dealera a mnohé další v archivních pásmech dramatické, dokumentární, publicistické i zpravodajské tvorby Československé televize.
https://program.lfs.cz/detail/?film=The-Great-Scourges--Alcohol%2c-Cigarettes-and-Drugs-Under-Socialism","Uherské Hradiště, Stan ČT"
Šimon kouzelník,27/07/2024,20:00,27/07/2024,22:40,False,"Simon mágus / Ildikó Enyediová / Maďarsko, Francie, Švýcarsko 1999 / 100 min. / DCP
Starý kouzelník se potuluje Paříží, nemluví, nekouzlí, jen kouří cigarety, zatímco by možná měl pomáhat vyšetřovat záhadnou vraždu, s jejímž řešením si policie neví rady. Proč si ale k případu přizvala maďarského kouzelníka a co je ten podivín vůbec zač? Surrealistický snímek, který stojí na hraně mezi minimalistickým dramatem, detektivkou, romancí a náboženskou alegorií.
https://www.csfd.cz/film/108899-simon-kouzelnik/recenze/
https://www.imdb.com/title/tt0189092/reference
https://program.lfs.cz/detail/?film=Simon%2c-the-Magician","Uherské Hradiště, Slovácké divadlo"
Best of LFŠ III,01/08/2024,13:00,01/08/2024,15:00,False,"120 min.

https://program.lfs.cz/detail/?film=Best-of-SFS-III","Uherské Hradiště, Klub kultury - Velký sál"
Vesničko má středisková,27/07/2024,23:00,28/07/2024,0:38,False,"Jiří Menzel / ČSSR 1985 / 98 min. / DCP
Pávek je jako jediný z družstevních řidičů schopný spolupracovat s opožděným závozníkem Otíkem. Jednoho dne ale dojde trpělivost i jemu. Jedna z nejoblíbenějších českých komedií, nominovaná na Oscara, nastavuje zrcadlo realitě československého venkova osmdesátých let, autenticky dojímá i baví.
https://www.csfd.cz/film/6672-vesnicko-ma-strediskova/prehled/
https://www.imdb.com/title/tt0090257/?ref_=nm_flmg_t_12_dr
https://program.lfs.cz/detail/?film=My-Sweet-Little-Village","Uherské Hradiště, Letní kino Masarykovo náměstí"
Lynchovský: Co to znamená?,28/07/2024,12:30,28/07/2024,14:00,False,"90 min.
Criterion Channel označuje Davida Lynche za „režiséra, jenž má tak osobitý a podmanivý vizuální styl, že si vysloužil i vlastní adjektivum“. Oxfordský slovník definuje termín „lynchovský“ jako „připomínající či napodobující filmovou a televizní tvorbu Davida Lynche“ a nachází jeho původ v článku z časopisu Cinefantastique z roku 1984. Čím přesně je lynchovské dílo definováno? Tuto otázku možná nelze jednoznačně zodpovědět, určité motivy se však v Lynchově tvorbě nepopiratelně opakují. Jde o fragmentarizaci, abstrakci, dualitu, oneirismus a, zřejmě nejtypičtěji, zvrácenost a přetavování známého v neznámé či krajně znepokojující. Tato přednáška představí kompletní Lynchovu filmovou a televizní tvorbu a pokusí se definovat nedefinovatelné.
https://program.lfs.cz/detail/?film=Lynchian--What-Does-It-Stand-For%3f","Uherské Hradiště, Klub kultury - Malý sál"
Světýlka,26/07/2024,18:00,26/07/2024,20:14,False,"Beata Parkanová / Česká republika, Slovensko 2024 / 74 min. / DCP
Dětství vždycky jednou skončí, ale někomu až nečekaně brzy. Jeden den v životě malé Amálky změní její uvažování o rodině k nepoznání. Kolem se míhají máma, táta, babička, děda… Všichni ji hluboce milují, ale zapomínají to říkat. Amálka se tak mění ve zlobivé dítě, které by za trochu pozornosti dalo snad cokoliv.
https://program.lfs.cz/detail/?film=Tiny-Lights","Uherské Hradiště, Klub kultury - Velký sál"
Světýlka,31/07/2024,23:30,01/08/2024,0:59,False,"Beata Parkanová / Česká republika, Slovensko 2024 / 74 min. / DCP
Dětství vždycky jednou skončí, ale někomu až nečekaně brzy. Jeden den v životě malé Amálky změní její uvažování o rodině k nepoznání. Kolem se míhají máma, táta, babička, děda… Všichni ji hluboce milují, ale zapomínají to říkat. Amálka se tak mění ve zlobivé dítě, které by za trochu pozornosti dalo snad cokoliv.
https://program.lfs.cz/detail/?film=Tiny-Lights","Uherské Hradiště, Kino Hvězda"
November 2nd,30/07/2024,20:30,30/07/2024,22:00,False,"90 min.

https://program.lfs.cz/detail/?film=November-2nd","Uherské Hradiště, Kolejní nádvoří"
Podcast Stoupenci: Do nitra kutnohorské sekty,30/07/2024,17:00,30/07/2024,18:30,False,"90 min.
Investigativní podcastová série Radiožurnálu popisuje detaily z několikaměsíčního pátrání a citlivého zkoumání osudů lidí, kteří propadli učení léčitele Richarda Šiffera. Reportérům Vítu Kubantovi a Martinu Štorkánovi se podařilo shromáždit množství výpovědí a dosud neznámých svědectví, která z nejtěsnější blízkosti popisují, jak zrod, tak i fungování kutnohorské sekty, až po tragické vyvrcholení, které teď řeší policie i soud. Najdete ji na webu iRozhlas, v aplikaci mujRozhlas i ve všech podcastových aplikacích.
https://program.lfs.cz/detail/?film=The-Followers-Podcast--The-Cult-From-Kutn%c3%a1-Hora","Uherské Hradiště, Stan ČRo"
Vzhůru nohama,29/07/2024,11:00,29/07/2024,13:04,False,"Volveréis / Jonás Trueba / Španělsko, Francie 2024 / 114 min. / DCP
Rozchody jsou smutná věc. Ale ne tak úplně pro Ali a Alexe, kteří se rozhodnou uspořádat velkou oslavu s přáteli a rodinou, aby čtrnáctileté soužití zakončili ve velkém stylu. A oba jsou s tím úplně v pohodě. Nebo se o tom alespoň snaží sebe sami přesvědčit. Anti-romance a oslava rozchodů uspěla na filmovém festivalu v Cannes.
https://www.csfd.cz/film/1519361-vzhuru-nohama/recenze/
https://www.imdb.com/title/tt32128317/reference
https://program.lfs.cz/detail/?film=The-Other-Way-Around","Uherské Hradiště, Klub kultury - Velký sál"
Cinepur uvádí: Kdo to nosil lépe? Crossdressing od Někdo to rád horké po Mlčení jehňátek,29/07/2024,16:00,29/07/2024,17:30,False,"90 min.
Muži převlékající se za ženy a naopak ženy oblékající mužský oděv a s ním i mužskou identitu jsou zavedeným principem mnoha komedií, thrillerů či pohádek. V debatě nebudeme probírat vyloženě swag Dustina Hoffmana v Tootsie či Normana Batese v Psychu, ale budeme se ptát, co tzv. crossdressing dělá s hvězdnou image hollywoodských hereček, proč je tenhle motiv tak populární a co říká o genderových rolích, které hrajeme.
https://program.lfs.cz/detail/?film=Cinepur-Presents--Who-Wore-It-Better%3f-Crossdressing-From-Some-Like-It-Hot-to-The-Silence-of-the-Lambs","Uherské Hradiště, Respekt stan"
Čtyři sestry,26/07/2024,19:30,26/07/2024,21:32,False,"Banāt Olfa / Kaouther Ben Haniaová / Francie 2023 / 107 min. / 15 let / HD file
Po pádu tuniského diktátora se země ocitá v nově nabyté svobodě, v níž sílí vliv islamistických fundamentalistů. Dvě sestry opouštějí rodinu, aby se přidaly k ISIS. Po několika letech se režisérka Ben Haniaová vrací do rozpadlé rodiny s unikátní formou terapie – najaté herečky sehrávají role ztracených dcer ve skutečné rodině a skrze rekonstrukce pátrají po příčinách tragické minulosti.
https://www.csfd.cz/film/1359883-ctyri-sestry/prehled/
https://www.imdb.com/title/tt27502426/reference
https://program.lfs.cz/detail/?film=Four-Daughters","Uherské Hradiště, Reduta - Velký sál"
Čtyři sestry,29/07/2024,8:00,29/07/2024,10:02,False,"Banāt Olfa / Kaouther Ben Haniaová / Francie 2023 / 107 min. / 15 let / HD file
Po pádu tuniského diktátora se země ocitá v nově nabyté svobodě, v níž sílí vliv islamistických fundamentalistů. Dvě sestry opouštějí rodinu, aby se přidaly k ISIS. Po několika letech se režisérka Ben Haniaová vrací do rozpadlé rodiny s unikátní formou terapie – najaté herečky sehrávají role ztracených dcer ve skutečné rodině a skrze rekonstrukce pátrají po příčinách tragické minulosti.
https://www.csfd.cz/film/1359883-ctyri-sestry/prehled/
https://www.imdb.com/title/tt27502426/reference
https://program.lfs.cz/detail/?film=Four-Daughters","Uherské Hradiště, Reduta - Velký sál"
"Salvador, sedmnáctého března krátce po páté",26/07/2024,17:30,26/07/2024,18:59,False,"Vladimír Kavčiak / ČSSR 1982 / 89 min.
Tragický příběh čtyř holandských novinářů, kteří byli surově zavražděni příslušníky salvadorské vojenské junty.
https://program.lfs.cz/detail/?film=Salvador%2c-17th-March%2c-Shortly-After-Five-O%e2%80%99clock","Uherské Hradiště, Stan ČT"
Náhlé vnuknutí (hudba: Schneider TM),29/07/2024,15:30,29/07/2024,17:25,False,"Dekigokoro / Jasudžiró Ozu / Japonsko 1933 / 100 min. / 35mm
Náhlé vnuknutí je v kontextu Ozuovy kariéry důležitý snímek nejen pro své umělecké kvality experimentu s epizodickým vyprávěním, ale i tematicky a produkčně. Šlo totiž o počátek jeho série němých filmů z nečekaného prostředí, která sdílí typově podobnou postavu téhož jména, jež ovšem toutéž postavou není.
https://www.csfd.cz/film/124853-dekigokoro/recenze/
https://www.imdb.com/title/tt0023937/combined
https://program.lfs.cz/detail/?film=Passing-Fancy-(Music--Schneider-TM)","Uherské Hradiště, Kino Hvězda"
Bílá odvaha,28/07/2024,17:30,28/07/2024,20:26,False,"Biała odwaga / Marcin Koszałka / Polsko 2024 / 116 min. / 15 let / DCP
Horalé žijí v polských Tatrách od nepaměti. Řídí se tradicemi, které nepříjemně zkomplikují život dvou bratrů. Jejich nejtěžší zkouškou však bude konfrontace s nástupem nacismu. Obrazově poutavý snímek Marcina Koszałky připomíná nepříjemnou historickou pravdu, kterou ukazuje v celé její komplikovanosti.
https://www.csfd.cz/film/1349948-biala-odwaga/videa/
https://www.imdb.com/title/tt26937210/?ref_=fn_al_tt_1
https://program.lfs.cz/detail/?film=White-Courage","Uherské Hradiště, Klub kultury - Velký sál"
Bílá odvaha,30/07/2024,11:00,30/07/2024,13:11,False,"Biała odwaga / Marcin Koszałka / Polsko 2024 / 116 min. / 15 let / DCP
Horalé žijí v polských Tatrách od nepaměti. Řídí se tradicemi, které nepříjemně zkomplikují život dvou bratrů. Jejich nejtěžší zkouškou však bude konfrontace s nástupem nacismu. Obrazově poutavý snímek Marcina Koszałky připomíná nepříjemnou historickou pravdu, kterou ukazuje v celé její komplikovanosti.
https://www.csfd.cz/film/1349948-biala-odwaga/videa/
https://www.imdb.com/title/tt26937210/?ref_=fn_al_tt_1
https://program.lfs.cz/detail/?film=White-Courage","Uherské Hradiště, Orlovna"
Alexej Sevruk: Evropanka,29/07/2024,17:00,29/07/2024,18:00,False,"60 min.
Jáchym Topol označil Alexeje Sevruka za nejsilnější hlas současné česky psané literatury. Bylo to právě po přečtení románu Evropanka.
https://program.lfs.cz/detail/?film=Alexej-Sevruk--European-Woman","Uherské Hradiště, Stan literatury/Nové reality"
Jana Beňová,28/07/2024,18:30,28/07/2024,19:15,False,"45 min.
Jana Beňová (1974) je slovenská prozaička, básnířka, publicistka a laureátka Ceny Evropské unie za literaturu. Vydala tři básnické sbírky, několik úspěšných románů i knihy povídek.
https://program.lfs.cz/detail/?film=Jana-Be%c5%88ov%c3%a1","Uherské Hradiště, Stan literatury/Nové reality"
New Kids Turbo,29/07/2024,23:59,30/07/2024,1:38,False,"Steffen Haars, Flip Van der Kuil / Nizozemsko 2010 / 84 min. / 15 let / DCP
Jak by asi vypadaly nejlepší scénky od Tří Tygrů či z Párty Hárd v křehkém a civilizovaném podání umělců ze země tulipánů? Skečová skupina New Kids nabízí odpověď a ve svém prvním celovečerním dobrodružství ohledává hranice dobrého vkusu – a následně je s gustem pozvrací. Kut!
https://www.csfd.cz/film/295395-new-kids-turbo/recenze/
https://www.imdb.com/title/tt1648112/?ref_=fn_al_tt_1
https://program.lfs.cz/detail/?film=New-Kids-Turbo","Uherské Hradiště, Sportovní hala"
Muzikantky a mateřství,30/07/2024,10:30,30/07/2024,12:30,False,"120 min.

https://program.lfs.cz/detail/?film=Female-Musicians-and-Motherhood","Uherské Hradiště, Stan literatury/Nové reality"
Radio Wave: DJs Andrea Dare & Brigitte Noir,31/07/2024,22:00,01/08/2024,2:00,False,"240 min.
Andrea Dare & Brigitte Noir jsou v Praze usazené DJky, jejichž hudební začátky se formovaly v kultovním olomouckém Metro Chill Out Clubu několik let zpět. Selekce, která obvykle začíná velice pozvolna, se v průběhu večera pomalu a až hypnoticky promění do rychlejších tanečnějších poloh.
https://program.lfs.cz/detail/?film=Radio-Wave--DJs-Andrea-Dare-%26-Brigitte-Noir","Uherské Hradiště, Stan literatury/Nové reality"
DJs Kjü a Llu (GentleMess),30/07/2024,23:30,31/07/2024,4:30,False,"300 min.

https://program.lfs.cz/detail/?film=DJs-Kj%c3%bc-a-Llu-(GentleMess)","Uherské Hradiště, Klub Mír (bar)"
Jakub Stanjura: Srpny,31/07/2024,17:30,31/07/2024,18:30,False,"60 min.
Kam až jsme schopni kvůli tomu druhému zajít? Daniela vyrůstá v rodině, kde ji místo lidí objímají úzkosti. Ty přicházejí s podivnou pravidelností — každý srpen.
https://program.lfs.cz/detail/?film=Jakub-Stanjura--Augusts","Uherské Hradiště, Stan literatury/Nové reality"
Výběr krátkých slovenských studentských snímků,28/07/2024,12:30,28/07/2024,14:27,False,"Slovensko / 102 min. / HD file
V samostatném bloku slovenských studentských filmů, jehož výběr jde za dramaturgy LFŠ, uvidíte například dokument Otrávená studna o teroristickém útoku na LGBTQ+ bar Tepláreň v Bratislavě na podzim 2022; příběh utajované lásky dvou mladých žen za socialismu Poslední šance; drama Daleko mezi námi o malém chlapci, kterého vychovává gay pár a o něhož po letech projeví zájem jeho biologická matka; dva příběhy krize středního věku s nádechem erotiky – jak ten mužský (Tento zvláštní den), tak ten ženský (Hot Flush); animovaný film o relativnosti hodnot (Na Výchyr) a dokument o netradičním využití virtuální reality (Pohádka o cestě k moři).
https://program.lfs.cz/detail/?film=Selection-of-Short-Slovak-Student-Films","Uherské Hradiště, Kino Mír"
Výběr krátkých slovenských studentských snímků,31/07/2024,15:30,31/07/2024,17:27,False,"Slovensko / 102 min. / HD file
V samostatném bloku slovenských studentských filmů, jehož výběr jde za dramaturgy LFŠ, uvidíte například dokument Otrávená studna o teroristickém útoku na LGBTQ+ bar Tepláreň v Bratislavě na podzim 2022; příběh utajované lásky dvou mladých žen za socialismu Poslední šance; drama Daleko mezi námi o malém chlapci, kterého vychovává gay pár a o něhož po letech projeví zájem jeho biologická matka; dva příběhy krize středního věku s nádechem erotiky – jak ten mužský (Tento zvláštní den), tak ten ženský (Hot Flush); animovaný film o relativnosti hodnot (Na Výchyr) a dokument o netradičním využití virtuální reality (Pohádka o cestě k moři).
https://program.lfs.cz/detail/?film=Selection-of-Short-Slovak-Student-Films","Uherské Hradiště, Kino Mír"
Free Cinema: Letem animovaným světem,27/07/2024,10:00,27/07/2024,12:00,False,"120 min.
Přijďte si vyzkoušet pixilaci, kreslenou animaci a spoustu dalšího. Vhodné pro děti od 3 let.
https://program.lfs.cz/detail/?film=Free-Cinema--Flying-Through-the-World-of-Animation","Uherské Hradiště, Dětský/herní stan"
Šedé včely,26/07/2024,16:45,26/07/2024,18:42,False,"Siri bdžoly / Dmytro Mojsejev / Ukrajina 2024 / 102 min. / DCP
Serhij a Paška žijí na Donbase. Ve vylidněné vísce zůstali jen oni dva. Jeden je Ukrajinec, druhý Rus, znají se celý život a nikdy se moc nemuseli. Teď si ve válkou zplundrované krajině tak trochu zbyli. Adaptace slavného stejnojmenného románu citlivě i s humorem zachycuje paradoxy lidské existence tváří v tvář nesmyslnosti doby.
https://www.csfd.cz/film/1476235-grey-bees/hraji/
https://www.imdb.com/title/tt31065370/
https://program.lfs.cz/detail/?film=Grey-Bees","Uherské Hradiště, Slovácké divadlo"
Šedé včely,28/07/2024,22:30,29/07/2024,0:27,False,"Siri bdžoly / Dmytro Mojsejev / Ukrajina 2024 / 102 min. / DCP
Serhij a Paška žijí na Donbase. Ve vylidněné vísce zůstali jen oni dva. Jeden je Ukrajinec, druhý Rus, znají se celý život a nikdy se moc nemuseli. Teď si ve válkou zplundrované krajině tak trochu zbyli. Adaptace slavného stejnojmenného románu citlivě i s humorem zachycuje paradoxy lidské existence tváří v tvář nesmyslnosti doby.
https://www.csfd.cz/film/1476235-grey-bees/hraji/
https://www.imdb.com/title/tt31065370/
https://program.lfs.cz/detail/?film=Grey-Bees","Uherské Hradiště, Kino Hvězda"
Odhalení jednoho spiknutí,26/07/2024,19:00,26/07/2024,20:21,False,"Zdeněk Kubeček / ČSSR 1984 / 81 min.
Hra vznikla podle stejnojmenné reportážní knihy pokrokového západoněmeckého novináře G. Wallraffa k 10. výročí revolučního hnutí v Portugalsku.
https://program.lfs.cz/detail/?film=A-Conspiracy-Uncovered","Uherské Hradiště, Stan ČT"
Jan Géryk: Společnost úzkosti,31/07/2024,16:00,31/07/2024,17:00,False,"60 min.
Jedna z nejlepších non-fiction loňského roku. Máme k dispozici nepřeberné množství nástrojů k šetření času — a přitom nic nestíháme.
https://program.lfs.cz/detail/?film=Jan-G%c3%a9ryk--The-Anxiety-Society","Uherské Hradiště, Stan literatury/Nové reality"
Žena z...,27/07/2024,23:30,28/07/2024,1:57,False,"Kobieta z... / Małgorzata Szumowska, Michał Englert / Polsko, Švédsko 2023 / 132 min. / 15 let / DCP
Jak se žilo trans osobám v době Lidového Polska v kladské kotlině? Filmovou odpovědí na tuto otázku je Žena z…, jež na politickém pozadí ukazuje intimní příběh Andrzeje/Anieli a jeho/její rodiny. Szumowská a režisérsky debutující kameraman Englert vytvářejí tímto filmem pozoruhodnou trans polemiku s Wajdovými filmy.
https://www.csfd.cz/film/1408863-zena-z/prehled/
https://www.imdb.com/title/tt26746630/?ref_=nm_knf_t_2
https://program.lfs.cz/detail/?film=Woman-of","Uherské Hradiště, Slovácké divadlo"
Žena z...,30/07/2024,16:30,30/07/2024,18:57,False,"Kobieta z... / Małgorzata Szumowska, Michał Englert / Polsko, Švédsko 2023 / 132 min. / 15 let / DCP
Jak se žilo trans osobám v době Lidového Polska v kladské kotlině? Filmovou odpovědí na tuto otázku je Žena z…, jež na politickém pozadí ukazuje intimní příběh Andrzeje/Anieli a jeho/její rodiny. Szumowská a režisérsky debutující kameraman Englert vytvářejí tímto filmem pozoruhodnou trans polemiku s Wajdovými filmy.
https://www.csfd.cz/film/1408863-zena-z/prehled/
https://www.imdb.com/title/tt26746630/?ref_=nm_knf_t_2
https://program.lfs.cz/detail/?film=Woman-of","Uherské Hradiště, Sportovní hala"
Hlídka,26/07/2024,20:00,26/07/2024,23:19,False,"La sentinelle / Arnaud Desplechin / Francie 1992 / 139 min. / 15 let / DCP
Příběh se jeví jako obyčejná cesta vlakem do Paříže. Pro studenta forenzní medicíny Mathiase ale tak úplně obyčejná není. Nejenže se proti vlastní vůli stává součástí několika zvláštních střetnutí, po příjezdu do Paříže dokonce ve vlastním zavazadle nachází lidskou hlavu. Mathias se pouští do vyšetřování a brzy zjišťuje, že se ocitl na scéně mezinárodního politického konfliktu.
https://www.csfd.cz/film/92647-hlidka/recenze/
https://www.imdb.com/title/tt0105356/reference
https://program.lfs.cz/detail/?film=The-Sentinel","Uherské Hradiště, Slovácké divadlo"
Ježíšku na křížku aneb Vysoké umělecké školy,30/07/2024,10:00,30/07/2024,11:30,False,"90 min.
Plán odstranit z budovy pražské AVU dílo sochaře Myslbeka ukázal, že veřejnost občas vůbec nechápe, kam se u nás posouvá kultura a s ní umělecké školství. Mají se lidé tohoto vývoje bát? Musí umělci něco umět? A k čemu jsou nám dnes vlastně vysoké umělecké školy?
https://program.lfs.cz/detail/?film=Holly-Molly-Or-Art-Colleges","Uherské Hradiště, Respekt stan"
Alena Machoninová: Hella,27/07/2024,16:00,27/07/2024,17:00,False,"60 min.
V oceňovaném románu Hella sleduje Alena Machoninová osudy židovky Heleny Frischerové, kterou osud ještě před druhou světovou válkou zavál do Ruska.
https://program.lfs.cz/detail/?film=Alena-Machoninov%c3%a1--Hella","Uherské Hradiště, Stan literatury/Nové reality"
Město žen,27/07/2024,21:30,28/07/2024,0:05,False,"La città delle donne / Federico Fellini / Itálie, Francie 1980 / 140 min. / 15 let / DCP
„Všechny ženy jsou krásné,“ napsal Federico Fellini na feministický transparent ve fantaskní satiře, která hovoří symbolickou řečí snů. V subjektivně zašifrovaném leporelu se v roli sukničkáře, jenž se ocitl na horké půdě ženského kongresu, po letech znovu objevil Marcello Mastroianni.
https://www.csfd.cz/film/2602-mesto-zen/prehled/
https://www.imdb.com/title/tt0080539/?ref_=fn_al_tt_1
https://program.lfs.cz/detail/?film=City-of-Women","Uherské Hradiště, Orlovna"
Město žen,30/07/2024,17:00,30/07/2024,19:35,False,"La città delle donne / Federico Fellini / Itálie, Francie 1980 / 140 min. / 15 let / DCP
„Všechny ženy jsou krásné,“ napsal Federico Fellini na feministický transparent ve fantaskní satiře, která hovoří symbolickou řečí snů. V subjektivně zašifrovaném leporelu se v roli sukničkáře, jenž se ocitl na horké půdě ženského kongresu, po letech znovu objevil Marcello Mastroianni.
https://www.csfd.cz/film/2602-mesto-zen/prehled/
https://www.imdb.com/title/tt0080539/?ref_=fn_al_tt_1
https://program.lfs.cz/detail/?film=City-of-Women","Uherské Hradiště, Orlovna"
Nina a ježkovo tajemství,31/07/2024,15:30,31/07/2024,16:47,False,"Francie 2023 / 77 min.
Desetiletá Nina miluje tatínkovy pohádky o ježkovi, který objevuje svět. Jednoho večera ale tatínek vyprávět nepřijde.
https://program.lfs.cz/detail/?film=Nina-and-the-Hedgehog%27s-Secret","Uherské Hradiště, Dětský/herní stan"
Smyslové hraní,28/07/2024,15:30,28/07/2024,17:30,False,"120 min.

https://program.lfs.cz/detail/?film=Sensory-Play","Uherské Hradiště, Dětský/herní stan"
"Dežo Ursiny / Ivan Štrpka: Nehovor nič, len cestuj so mnou",28/07/2024,20:30,28/07/2024,21:30,False,"60 min.
Poslechová seance Pavla Klusáka, ve které představí dvacetiletou spolupráci textaře Ivana Štrpky s výjimečným hudebníkem Dežem Ursinym.
https://program.lfs.cz/detail/?film=De%c5%beo-Ursiny-%26-Ivan-%c5%a0trpka","Uherské Hradiště, Stan literatury/Nové reality"
Sloní muž,26/07/2024,21:00,26/07/2024,23:19,False,"The Elephant Man / David Lynch / USA 1980 / 124 min. / DCP
Na londýnském jarmarku objeví lékař Frederick Treves zvláštní kuriozitu – zdeformovanou bytost, která je terčem posměchu a společenských předsudků. Co když je  tato bytost myslícím a cítícím člověkem, nikoliv jen hříčkou přírody? První mezinárodní úspěch Davida Lynche, v němž si zachovává své typické surrealistické rysy, ale přináší i nečekanou dávku humanismu.
https://www.csfd.cz/film/6251-sloni-muz/recenze/
https://www.imdb.com/title/tt0080678/reference
https://program.lfs.cz/detail/?film=The-Elephant-Man","Uherské Hradiště, Klub kultury - Velký sál"
Sloní muž,30/07/2024,22:30,31/07/2024,0:49,False,"The Elephant Man / David Lynch / USA 1980 / 124 min. / DCP
Na londýnském jarmarku objeví lékař Frederick Treves zvláštní kuriozitu – zdeformovanou bytost, která je terčem posměchu a společenských předsudků. Co když je  tato bytost myslícím a cítícím člověkem, nikoliv jen hříčkou přírody? První mezinárodní úspěch Davida Lynche, v němž si zachovává své typické surrealistické rysy, ale přináší i nečekanou dávku humanismu.
https://www.csfd.cz/film/6251-sloni-muz/recenze/
https://www.imdb.com/title/tt0080678/reference
https://program.lfs.cz/detail/?film=The-Elephant-Man","Uherské Hradiště, Orlovna"
Lekce filmu podle Thierryho Loy,27/07/2024,18:00,27/07/2024,19:30,False,"90 min.
Vzal si malou létací kameru a vydal se do světa natáčet. A sklízí jeden úspěch za druhým. Filmy antropologa Thierryho Loy mapují naši planetu z nebeské výše a ukazují nám její krásy i hrůzy. Ve své lekci filmu promluví o sérii 21-22, která je výpravnou virtuální esejí o naší planetě, která svým stylem připomíná výpravné klasiky Godfreye Reggia jako Koyaanisqatsi či Powaqqatsi.
https://program.lfs.cz/detail/?film=Masterclass-with-Thierry-Loa","Uherské Hradiště, LFŠ stan"
Ženy ve veřejné službě,27/07/2024,10:30,27/07/2024,12:30,False,"120 min.

https://program.lfs.cz/detail/?film=Women-in-Public-Service","Uherské Hradiště, Stan literatury/Nové reality"
"Poslechy rozhlasových her, podcasty s Českým rozhlasem II",30/07/2024,10:00,30/07/2024,12:00,False,"Poslechy rozhlasových her, podcasty s Českým rozhlasem / 120 min.
Poslechy rozhlasových dramatizací a nejlepších podcastů Českého rozhlasu.
https://program.lfs.cz/detail/?film=Listening-to-Radio-Dramas-and-Podcasts-with-Czech-Radio-II","Uherské Hradiště, Stan ČRo"
"Poslechy rozhlasových her, podcasty s Českým rozhlasem II",31/07/2024,10:00,31/07/2024,12:00,False,"Poslechy rozhlasových her, podcasty s Českým rozhlasem / 120 min.
Poslechy rozhlasových dramatizací a nejlepších podcastů Českého rozhlasu.
https://program.lfs.cz/detail/?film=Listening-to-Radio-Dramas-and-Podcasts-with-Czech-Radio-II","Uherské Hradiště, Stan ČRo"
Janžurka,27/07/2024,14:00,27/07/2024,15:00,False,"60 min.
Beseda s tvůrci dokumentárního portrétu, kde je Iva Janžurová – ikona českého filmu, televize a divadla – nazírána citlivým pohledem své dcery, dokumentaristky Theodory Remundové. Tento nejbližší možný vztah umožňuje režisérce pohybovat se v její bezprostřední blízkosti. Odkrývá nejen obdivuhodnou profesní aktivitu Ivy Janžurové v současnosti, ale i její minulou kariéru a osobní život v dobových souvislostech.
https://program.lfs.cz/detail/?film=Jan%c5%beurka","Uherské Hradiště, Stan ČT"
Malá mořská víla,27/07/2024,17:30,27/07/2024,19:09,False,"Karel Kachyňa / ČSSR 1976 / 84 min. / HD file
Kultovní adaptace pohádky Hanse Christiana Andersena, která ohledává temnější tóny klasické předlohy. Poetické, vysoce stylizované dílo, jenž nápaditě pracuje jak s vizuální, tak zvukovou podobou podmořské říše a v závěru upře Malé mořské víle happyend.
https://www.csfd.cz/film/4959-mala-morska-vila/prehled/
https://www.imdb.com/title/tt0074846/?ref_=fn_al_tt_1
https://program.lfs.cz/detail/?film=Little-Mermaid","Uherské Hradiště, Kino Mír"
Malá mořská víla,31/07/2024,19:30,31/07/2024,21:09,False,"Karel Kachyňa / ČSSR 1976 / 84 min. / HD file
Kultovní adaptace pohádky Hanse Christiana Andersena, která ohledává temnější tóny klasické předlohy. Poetické, vysoce stylizované dílo, jenž nápaditě pracuje jak s vizuální, tak zvukovou podobou podmořské říše a v závěru upře Malé mořské víle happyend.
https://www.csfd.cz/film/4959-mala-morska-vila/prehled/
https://www.imdb.com/title/tt0074846/?ref_=fn_al_tt_1
https://program.lfs.cz/detail/?film=Little-Mermaid","Uherské Hradiště, Reduta - Velký sál"
Forenzní psychologie,30/07/2024,14:00,30/07/2024,15:00,False,"60 min.
Jaké jsou možnosti tvorby v oblasti populárního žánru true crime? Dvacetidílná podcastová série Kateřiny Rathouské otevírá v rozhovorech s psycholožkou a soudní znalkyní Ludmilou Čírtkovou a dalšími odborníky témata týkající se nejen zločinů a jejich pachatelů, ale i obětí. Rozhovor s autorkou Kateřinou Rathouskou moderuje Anna Vošalíková.
https://program.lfs.cz/detail/?film=Forensic-Psychology","Uherské Hradiště, Stan ČRo"
Ďáblova past,27/07/2024,11:30,27/07/2024,13:11,False,"František Vláčil / ČSSR 1961 / 86 min. / HD file
František Vláčil si spolupráci se Zdeňkem Liškou vyzkoušel již na několika krátkometrážních filmech či celovečerním debutu Holubice. Ďáblova past otevírá jejich mimořádně působivou spolupráci na celovečerním filmu. Už na ní je zjevné, že Liškova hudba je nedílnou součástí Vláčilova filmového rukopisu.
https://www.csfd.cz/film/9333-dablova-past/prehled/
https://www.imdb.com/title/tt0054780/?ref_=nv_sr_srsg_0_tt_8_nm_0_q_%25C4%258E%25C3%25A1blova%2520past
https://program.lfs.cz/detail/?film=The-Devil%27s-Trap","Uherské Hradiště, Reduta - Velký sál"
Ďáblova past,30/07/2024,8:00,30/07/2024,9:41,False,"František Vláčil / ČSSR 1961 / 86 min. / HD file
František Vláčil si spolupráci se Zdeňkem Liškou vyzkoušel již na několika krátkometrážních filmech či celovečerním debutu Holubice. Ďáblova past otevírá jejich mimořádně působivou spolupráci na celovečerním filmu. Už na ní je zjevné, že Liškova hudba je nedílnou součástí Vláčilova filmového rukopisu.
https://www.csfd.cz/film/9333-dablova-past/prehled/
https://www.imdb.com/title/tt0054780/?ref_=nv_sr_srsg_0_tt_8_nm_0_q_%25C4%258E%25C3%25A1blova%2520past
https://program.lfs.cz/detail/?film=The-Devil%27s-Trap","Uherské Hradiště, Reduta - Velký sál"
Sedláci. Ze života „třídních nepřátel“ v čase kolektivizace,27/07/2024,12:00,27/07/2024,13:30,False,"90 min.
Nucená kolektivizace a tzv. rozkulačování neboli likvidace selského stavu patří k největším zločinům československého komunistického systému. Odhaduje se, že během „Akce Kulak“, kterou Státní bezpečnost spustila v roce 1951, vyhnal aparát KSČ z domovů tři až čtyři tisíce rodin. Vzpomínky tří „kulackých dětí“ zaznamenala Paměť národa a vznikl z nich působivý filmový dokument o kruté době, těžkých životech a také výjimečné síle lidí, kteří měli být zašlapáni do země v zájmu budoucího rudého ráje na zemi.
Po promítání bude následovat diskuse s Františkem Vrbou.
https://program.lfs.cz/detail/?film=Peasants--The-Life-of-%e2%80%9cClass-Enemies%e2%80%9d-During-Collectivization","Uherské Hradiště, LFŠ stan"
Mazací hlava,26/07/2024,16:00,26/07/2024,17:44,False,"Eraserhead / David Lynch / USA 1976 / 89 min. / DCP
Surrealistický černohumorný film jako z pera Franze Kafky, s vizuálním dekorem ne nepodobným malbám Francise Bacona. I tak se mluví o celovečerním debutu režisérské ikony Davida Lynche, který dodnes neztrácí na své znepokojivosti. Svět Mazací hlavy se podobá noční můře, ze které se nedokážeme, ale možná ani nechceme probudit.
https://www.csfd.cz/film/6252-mazaci-hlava/recenze/
https://www.imdb.com/title/tt0074486/?ref_=fn_al_tt_1
https://program.lfs.cz/detail/?film=Eraserhead","Uherské Hradiště, Kino Hvězda"
Mazací hlava,29/07/2024,9:00,29/07/2024,10:44,False,"Eraserhead / David Lynch / USA 1976 / 89 min. / DCP
Surrealistický černohumorný film jako z pera Franze Kafky, s vizuálním dekorem ne nepodobným malbám Francise Bacona. I tak se mluví o celovečerním debutu režisérské ikony Davida Lynche, který dodnes neztrácí na své znepokojivosti. Svět Mazací hlavy se podobá noční můře, ze které se nedokážeme, ale možná ani nechceme probudit.
https://www.csfd.cz/film/6252-mazaci-hlava/recenze/
https://www.imdb.com/title/tt0074486/?ref_=fn_al_tt_1
https://program.lfs.cz/detail/?film=Eraserhead","Uherské Hradiště, Orlovna"
No Home Movie,29/07/2024,11:30,29/07/2024,13:40,False,"Chantal Akermanová / Belgie, Francie 2015 / 115 min. / DCP
Režisérčina labutí píseň je ohlédnutím, rekapitulací, ale také vyvrcholením předchozí tvorby. Jindy implicitně přítomný vztah dcery a matky se v No Home Movie zpřítomňuje ve vší laskavosti, každodenní tragice a celkové neobsažitelnosti. Královna filmové autofikce ani ve svém nejosobnějším snímku nezapomíná na dvojlomnost jakéhokoli blízkého kontaktu.
https://www.csfd.cz/film/71701-no-home-movie/prehled/
https://www.imdb.com/title/tt4881016/reference
https://program.lfs.cz/detail/?film=No-Home-Movie","Uherské Hradiště, Orlovna"
Hlas krve,28/07/2024,13:45,28/07/2024,15:46,False,"Apur sansar / Satjádžit Ráj / Indie 1959 / 106 min. / Blu-ray
Poslední díl Apuovy trilogie představí hlavního hrdinu jako dospělého muže. V lidnaté Kalkatě Apu stěží zaplatí nájem, nepřestává ale snít o kariéře uznávaného básníka. Představitel Apua Saumitra Čatterdží, který v Hlasu krve herecky debutoval, se následně stal velkou hvězdou indické kinematografie.
https://www.csfd.cz/film/130910-hlas-krve/recenze/
https://www.imdb.com/title/tt0052572/reference
https://program.lfs.cz/detail/?film=Apur-Sansar","Uherské Hradiště, Reduta - Velký sál"
Hlas krve,31/07/2024,22:00,01/08/2024,0:01,False,"Apur sansar / Satjádžit Ráj / Indie 1959 / 106 min. / Blu-ray
Poslední díl Apuovy trilogie představí hlavního hrdinu jako dospělého muže. V lidnaté Kalkatě Apu stěží zaplatí nájem, nepřestává ale snít o kariéře uznávaného básníka. Představitel Apua Saumitra Čatterdží, který v Hlasu krve herecky debutoval, se následně stal velkou hvězdou indické kinematografie.
https://www.csfd.cz/film/130910-hlas-krve/recenze/
https://www.imdb.com/title/tt0052572/reference
https://program.lfs.cz/detail/?film=Apur-Sansar","Uherské Hradiště, Reduta - Velký sál"
Andrea se chce rozvést,31/07/2024,11:00,31/07/2024,12:49,False,"Andrea lässt sich scheiden / Josef Hader / Rakousko 2024 / 94 min. / DCP
Andreu čeká zářná budoucnost. Pracuje jako policistka na venkově, ale plánuje se stát detektivní vyšetřovatelkou v St. Pöltenu a taky se rozejít se svým mužem. Věc se trochu zkomplikuje, když ho opilého srazí policejním autem, čímž se nepochybně jedno její přání vyplní. Jen s tou detektivní vyšetřovatelkou to teď moc nevypadá. Možná kdyby zahladila všechny stopy a našel se jiný viník?
https://www.csfd.cz/film/1460445-andrea-lasst-sich-scheiden/recenze/
https://www.imdb.com/title/tt21186614/reference
https://program.lfs.cz/detail/?film=Andrea-Gets-a-Divorce","Uherské Hradiště, Klub kultury - Velký sál"
Pan Prokouk v pokušení,29/07/2024,21:30,29/07/2024,21:37,False,"Karel Zeman / Československo 1947 / 7 min. / HD file
Pan Prokouk je tentokrát vystaven pokušení alkoholu. Při těžké práci na stavbě vlastního domku mu zcela propadne a dá mu těžkou práci se z jeho jha vymanit. Roztomilé delirantní sekvence jsou animovány s takovou lehkostí a radostností, že má divák skoro chuť se napít a zažít cosi podobně opojného. Didaktický konec všechno spraví!
https://www.csfd.cz/film/10115-pan-prokouk-v-pokuseni/recenze/
https://www.imdb.com/title/tt0177084/reference
https://program.lfs.cz/detail/?film=Mr-Prokouk-in-Temptation","Uherské Hradiště, Letní kino Smetanovy sady"
Veduty,29/07/2024,10:00,29/07/2024,12:00,False,"120 min.
Workshop pro rodiče s dětmi zaměřený na společnou hru. Vhodné od 5 let, kapacita je omezená.
https://program.lfs.cz/detail/?film=Cityscapes","Uherské Hradiště, Dětský/herní stan"
Tokijský sbor (hudba: Whyohwhy),27/07/2024,15:30,27/07/2024,17:16,False,"Tókjó no kórasu / Jasudžiró Ozu / Japonsko 1931 / 91 min. / 35mm
Bývá-li Tokijský sbor označován za veselou tragédii, je to dáno nečekanou směsí rétorických, vyprávěcích i stylových technik, které se Ozu a Noda rozhodli využít. Jako klíč k příběhu o manželství, nezaměstnanosti a sebeúctě totiž zvolili právě komediální schémata – čímž sociálně kritické aspekty svého filmu nikoli oslabili, nýbrž posílili.
https://www.csfd.cz/film/127985-tokjo-no-chorus/recenze/
https://www.imdb.com/title/tt0022485/combined
https://program.lfs.cz/detail/?film=Tokyo-Chorus-(Music--Whyohwhy)","Uherské Hradiště, Kino Hvězda"
Workshop: Kraťasy jsou in,29/07/2024,13:00,29/07/2024,15:00,False,"120 min.

https://program.lfs.cz/detail/?film=Workshop--Shorts-Are-In","Uherské Hradiště, HUB 123"
Evropské filmové ceny: Krátké filmy 2,26/07/2024,12:00,26/07/2024,13:39,False,"Chorvatsko, Polsko, Řecko, Irsko, Španělsko, Dánsko / 84 min. / HD file
Letní filmová škola již třetím rokem spolupracuje s Evropskou filmovou akademií. Díky tomuto unikátnímu spojení vytvoříme každý rok dva bloky krátkých filmů, které loni soutěžily o Evropskou filmovou cenu v kategorii Nejlepší krátký film. Těšit se můžete na ty nejinspirativnější shorty z celého širého evropského prostoru.
https://program.lfs.cz/detail/?film=European-Film-Awards--Short-Films-2","Uherské Hradiště, Reduta - Velký sál"
Evropské filmové ceny: Krátké filmy 2,29/07/2024,23:30,30/07/2024,1:09,False,"Chorvatsko, Polsko, Řecko, Irsko, Španělsko, Dánsko / 84 min. / HD file
Letní filmová škola již třetím rokem spolupracuje s Evropskou filmovou akademií. Díky tomuto unikátnímu spojení vytvoříme každý rok dva bloky krátkých filmů, které loni soutěžily o Evropskou filmovou cenu v kategorii Nejlepší krátký film. Těšit se můžete na ty nejinspirativnější shorty z celého širého evropského prostoru.
https://program.lfs.cz/detail/?film=European-Film-Awards--Short-Films-2","Uherské Hradiště, Reduta - Velký sál"
Vysvobození,30/07/2024,19:30,30/07/2024,21:34,False,"Deliverance / John Boorman / USA 1972 / 109 min. / 18 let / DCP
Čtveřice podnikatelů z Atlanty se vydává do nedotčené appalačské přírody, aby na kánoích sjela divokou řeku, která má zanedlouho nenávratně zmizet pod hladinou velké přehradní nádrže. Pohodové víkendové „dobrodružství“ se však pro účastníky postupně mění v nelítostný zápas o holý život.
https://www.csfd.cz/film/857-vysvobozeni/recenze/
https://www.imdb.com/title/tt0068473/reference
https://program.lfs.cz/detail/?film=Deliverance","Uherské Hradiště, Slovácké divadlo"
Radio Wave: DJs Kewu & Steady,29/07/2024,22:00,30/07/2024,2:00,False,"240 min.
Kewu & STEADY jsou neodmyslitelnou součástí tuzemské klubové scény. Kewu působí jako DJ již od roku 2012, v jeho setech nechybí baille funk, dance hall amoderního klubová hudba. STEADY, jehož kořeny sahají do Británie i rapu, se svou selekcí pohybuje na pomezí grimeu a UK bass. Dohromady založili klubovou sérii BLAM! a tvoří moderátorskou dvojici Flámu Radia Wave. I když oba pochází z jiných klubových zákoutí, v sehraných b2b setech plynule střídají žánry i tempo.
https://program.lfs.cz/detail/?film=Radio-Wave--DJs-Kewu-%26-Steady","Uherské Hradiště, Stan literatury/Nové reality"
Mezi Bengálskem a zbytkem světa: Dílo Satjádžita Ráje,31/07/2024,12:30,31/07/2024,14:00,False,"90 min.
Svým režijním debutem Žalozpěv stezky, dokončeným v roce 1955, Satjádžit Ráj bez nadsázky objevil indickou kinematografii pro západní svět. Alespoň tedy jednu z jejích tváří. Čím se tento snímek vymezil vůči normám soudobé indické produkce? Proč zaujal publikum doma i v zahraničí? Kdy se Ráj rozhodl navázat na svůj debut dvěma pokračováními a jaké jiné filmy během své kariéry natočil? První část přednášky bude věnována počátkům Rájovy filmařské kariéry a různým perspektivám, z nichž byla – a je – vnímána, v druhé části se zaměříme na unikátní poetiku tohoto tvůrce a symboly, jimiž Apuovu trilogii provázal.
https://program.lfs.cz/detail/?film=Between-Bengal-and-the-Rest-of-the-World--The-Work-of-Satyajit-Ray","Uherské Hradiště, Klub kultury - Malý sál"
Neodvyprávěné příběhy Rajka Grliće,29/07/2024,16:00,29/07/2024,17:00,False,"60 min.
Vydavatelé knihy Neodvyprávěné příběhy představí české souvislosti ze života filmového režiséra Rajka Grliće.
https://program.lfs.cz/detail/?film=Unfinished-Stories-by-Rajko-Grli%c4%87","Uherské Hradiště, Stan literatury/Nové reality"
Péče o duševní zdraví,31/07/2024,10:30,31/07/2024,12:30,False,"120 min.
Položili jste si někdy některou z následujících otázek: Jak zvládat stres? Jak si udržet duševní pohodu a duševní zdraví? Kde je hranice mezi duševním zdravím a nemocí? Proč člověk onemocní duševní nemocí? Jak pečovat o své duševní zdraví? Co dělat, když se objeví úzkost, deprese, psychóza? Kam se obrátit o pomoc? Co dělat, když má duševní potíže někdo z mých blízkých? Jak včas rozpoznat, že člověk potřebuje pomoc? Jaké jsou možnosti pomoci? Na tyto i další otázky se pokusí odpovědět pracovníci Kliniky zvládání stresu psychoterapeut a trenér zvládání stresu Michal Šalplachta a arteterapeutka Lucie Šalplachtová. Rovněž budete mít možnost vyzkoušet některé metody, které vám pomohou k uvolnění stresu. Jste srdečně zváni.
https://program.lfs.cz/detail/?film=Mental-Health-Care","Uherské Hradiště, Stan literatury/Nové reality"
"Němý, a přece výmluvný Jasudžiró Ozu",27/07/2024,12:30,27/07/2024,14:00,False,"90 min.
Přednáška se zaměří na práci klíčového režiséra Jasudžira Ozua v období do poloviny třicátých let dvacátého století, kdy v japonském filmovém průmyslu později než jinde na světě teprve končila němá éra kinematografie. Podíváme se na podobu tehdejšího studiového systému, počátky Ozuovy kariéry v jeho podmínkách, posilování si umělecké pozice v konkurenčním prostředí i na soustavné budování osobité tvůrčí poetiky. Soustředíme se ale i na konkrétní filmy, které tento mimořádný umělec v němé éře napsal a režíroval.
https://program.lfs.cz/detail/?film=Silent-Yet-Eloquent--Yasujiro-Ozu","Uherské Hradiště, Klub kultury - Malý sál"
Kožené kalhoty v St. Tropez,27/07/2024,23:59,28/07/2024,1:46,False,"Drei Lederhosen in St. Tropez / Franz Marischka / NSR 1980 / 92 min. / 15 let / DCP
Starosta, policista a číšník vyrazí s plemenným býkem na výstavu do Avignonu, omylem však skončí na Riviéře v Saint-Tropez. To není začátek laciného vtipu, nýbrž premisa vilné road movie připomínající Babovřesky z Horních Bavor. O lascivnost a nesubtilní frky tedy rozhodně nebude nouze.
https://www.csfd.cz/film/145852-kozene-kalhoty-v-st-tropez/recenze/
https://www.imdb.com/title/tt0166583/reference
https://program.lfs.cz/detail/?film=Three-Lederhosen-in-St-Tropez","Uherské Hradiště, Sportovní hala"
Sean Ellis uvádí: Vetřelec,29/07/2024,22:00,30/07/2024,0:12,False,"Alien / Ridley Scott / USA, Velká Británie 1979 / 117 min. / 18 let / Blu-ray
Naprosto kultovní horor s ikonickou emancipovanou hrdinkou, která svépomocí zkosí hnusáckého mimozemšťana. Sigourney Weaverová se tak trochu stala synonymem pro Ellen Ripleyovou a vytvořila jednu z nejlepších postav science-fiction všech dob. Pokud film nabízí nějaké ponaučení, tak to, že bychom nikomu neměli sahat na domácího mazlíčka. Zvlášť ne Ripleyové.
https://www.csfd.cz/film/8265-vetrelec/recenze/
https://www.imdb.com/title/tt0078748/reference
https://program.lfs.cz/detail/?film=Sean-Ellis-Presents--Alien","Uherské Hradiště, Kino Hvězda"
"Výtvarný workshop k filmu Tonda, Slávka a kouzelné světlo",30/07/2024,17:00,30/07/2024,17:30,False,"30 min.
Kouzelné světlo rozzáří i tu největší tmu. Záleží jen na vaší fantazii. Výtvarný workshop plný barev pro diváky filmu Tonda, Slávka a kouzelné světlo.
https://program.lfs.cz/detail/?film=Creative-Workshop-to-Tony%2c-Shelly%2c-and-the-Magic-Light","Uherské Hradiště, Dětský/herní stan"
Žalozpěv stezky,26/07/2024,14:30,26/07/2024,16:50,False,"Pather Pančali / Satjadžit Ráj / Indie 1955 / 125 min. / Blu-ray
Roku 1955 spatřili první diváci Žalozpěv stezky. Dílo, které podle Akiry Kurosawy plyne s klidem a vznešeností velké řeky, dnes platí za přelomový film, jímž začínající režisér Satjádžit Ráj přesvědčil celý svět, že výpravná bollywoodská produkce je jen jednou z tváří indické kinematografie.
https://www.csfd.cz/film/130930-zalozpev-stezky/recenze/
https://www.imdb.com/title/tt0048473/reference
https://program.lfs.cz/detail/?film=Pather-Panchali","Uherské Hradiště, Reduta - Velký sál"
Žalozpěv stezky,29/07/2024,20:30,29/07/2024,22:50,False,"Pather Pančali / Satjadžit Ráj / Indie 1955 / 125 min. / Blu-ray
Roku 1955 spatřili první diváci Žalozpěv stezky. Dílo, které podle Akiry Kurosawy plyne s klidem a vznešeností velké řeky, dnes platí za přelomový film, jímž začínající režisér Satjádžit Ráj přesvědčil celý svět, že výpravná bollywoodská produkce je jen jednou z tváří indické kinematografie.
https://www.csfd.cz/film/130930-zalozpev-stezky/recenze/
https://www.imdb.com/title/tt0048473/reference
https://program.lfs.cz/detail/?film=Pather-Panchali","Uherské Hradiště, Reduta - Velký sál"
Půlnoční kovboj,26/07/2024,13:00,26/07/2024,15:09,False,"Midnight Cowboy / John Schlesinger / USA 1969 / 114 min. / 18 let / DCP
Přišel do New Yorku, aby prodával svou mužnost, ale v netečném velkoměstě narazil na brutální realitu. Jeho venkovskou upřímnost všichni považovali za naivitu a místo kariéry vyhledávaného hřebce se dočkal výsměchu. Zblízka poznal život ztracených existencí, ale pak objevil opravdové přátelství tam, kde to nejméně očekával.
https://www.csfd.cz/film/8084-pulnocni-kovboj/recenze/
https://www.imdb.com/title/tt0064665/reference
https://program.lfs.cz/detail/?film=Midnight-Cowboy","Uherské Hradiště, Kino Hvězda"
Půlnoční kovboj,31/07/2024,23:30,01/08/2024,1:39,False,"Midnight Cowboy / John Schlesinger / USA 1969 / 114 min. / 18 let / DCP
Přišel do New Yorku, aby prodával svou mužnost, ale v netečném velkoměstě narazil na brutální realitu. Jeho venkovskou upřímnost všichni považovali za naivitu a místo kariéry vyhledávaného hřebce se dočkal výsměchu. Zblízka poznal život ztracených existencí, ale pak objevil opravdové přátelství tam, kde to nejméně očekával.
https://www.csfd.cz/film/8084-pulnocni-kovboj/recenze/
https://www.imdb.com/title/tt0064665/reference
https://program.lfs.cz/detail/?film=Midnight-Cowboy","Uherské Hradiště, Slovácké divadlo"
Sladký život,28/07/2024,10:30,28/07/2024,13:41,False,"La dolce vita / Federico Fellini / Francie 1960 / 176 min. / 15 let / DCP
Marcello Mastroianni ve své první spolupráci s Federikem Fellinim ztvárnil bulvárního novináře, jenž ve zhýralém Římě nenachází způsob jak změnit svůj život. Mnohovrstevnatá mozaika o skandálech „slavných a bohatých“ je jeden z největších filmů všech dob, o ničem sladkém ale nevypráví.
https://www.csfd.cz/film/2604-sladky-zivot/prehled/
https://www.imdb.com/title/tt0053779/?ref_=tt_mv_close
https://program.lfs.cz/detail/?film=La-Dolce-Vita","Uherské Hradiště, Slovácké divadlo"
Sladký život,31/07/2024,20:30,31/07/2024,23:41,False,"La dolce vita / Federico Fellini / Francie 1960 / 176 min. / 15 let / DCP
Marcello Mastroianni ve své první spolupráci s Federikem Fellinim ztvárnil bulvárního novináře, jenž ve zhýralém Římě nenachází způsob jak změnit svůj život. Mnohovrstevnatá mozaika o skandálech „slavných a bohatých“ je jeden z největších filmů všech dob, o ničem sladkém ale nevypráví.
https://www.csfd.cz/film/2604-sladky-zivot/prehled/
https://www.imdb.com/title/tt0053779/?ref_=tt_mv_close
https://program.lfs.cz/detail/?film=La-Dolce-Vita","Uherské Hradiště, Slovácké divadlo"
"Ještě nejsem, kým chci být",27/07/2024,11:00,27/07/2024,12:45,False,"Klára Tasovská / Česká republika, Slovensko, Rakousko 2024 / 90 min. / DCP
Dokumentární portrét fotografky Libuše Jarcovjákové. Tři tisíce fotografií a záznamy dobových deníků jednak jako strhující individuální osud a jednak jako obecně platné svědectví o věčném lidském hledání a (po)chybování. Kým jsme a kým bychom chtěli být? Jeden z nejlepších českých filmů za poslední léta!
https://program.lfs.cz/detail/?film=I%c2%b4m-not-Everything-I-Want-to-Be","Uherské Hradiště, Orlovna"
"Ještě nejsem, kým chci být",30/07/2024,20:30,30/07/2024,23:00,False,"Klára Tasovská / Česká republika, Slovensko, Rakousko 2024 / 90 min. / DCP
Dokumentární portrét fotografky Libuše Jarcovjákové. Tři tisíce fotografií a záznamy dobových deníků jednak jako strhující individuální osud a jednak jako obecně platné svědectví o věčném lidském hledání a (po)chybování. Kým jsme a kým bychom chtěli být? Jeden z nejlepších českých filmů za poslední léta!
https://program.lfs.cz/detail/?film=I%c2%b4m-not-Everything-I-Want-to-Be","Uherské Hradiště, Klub kultury - Velký sál"
Přišla v noci,03/08/2024,22:00,03/08/2024,23:25,False,"Jan Vejnar, Tomáš Pavlíček / Česká republika 2023 / 85 min. / DCP
Závislost dítěte na matce a posléze matky na dítěti je složitá a občas i hodně nebezpečná věc. Své o tom věděl už Alfred Hitchcock, který tento motiv několikrát zpracoval ve svých filmech. Vejnar s Pavlíčkem na tuto tradici navazují mrazivou komedií o matce, která jedné noci zazvoní u dveří svého syna a jeho přítelkyně a – odmítá odejít.
https://www.csfd.cz/film/1295539-prisla-v-noci/prehled/
https://www.imdb.com/title/tt27988718/?ref_=fn_al_tt_1
https://program.lfs.cz/detail/?film=She-Came-at-Night","Uherské Hradiště, Letní kino Masarykovo náměstí"
Zápisník alkoholičky,28/07/2024,8:15,28/07/2024,10:02,False,"Dan Svátek / Česká republika 2024 / 92 min. / DCP
Ráda se smála a ráda se bavila. A nějaká sklenička k tomu sem tam prostě patřila. Ale když zůstala po porodu doma sama s dítětem, všechno se nějak zhoršilo. Všudypřítomná tchyně, mlčenlivě poddajný tchán, manžel v práci… Všichni jí říkají, že má problém, ale ona si myslí, že jí jen chtějí ublížit.
https://program.lfs.cz/detail/?film=Her-Boozy-Diary","Uherské Hradiště, Slovácké divadlo"
Zápisník alkoholičky,31/07/2024,13:30,31/07/2024,16:02,False,"Dan Svátek / Česká republika 2024 / 92 min. / DCP
Ráda se smála a ráda se bavila. A nějaká sklenička k tomu sem tam prostě patřila. Ale když zůstala po porodu doma sama s dítětem, všechno se nějak zhoršilo. Všudypřítomná tchyně, mlčenlivě poddajný tchán, manžel v práci… Všichni jí říkají, že má problém, ale ona si myslí, že jí jen chtějí ublížit.
https://program.lfs.cz/detail/?film=Her-Boozy-Diary","Uherské Hradiště, Klub kultury - Velký sál"
Stovky bobrů,28/07/2024,21:30,29/07/2024,0:18,False,"Hundreds of Beavers / Mike Cheslik / USA 2022 / 108 min. / DCP
Zálesák, ten těžký život má. Není vůbec hračka nalevelovat se v divočině na úroveň, kdy přestane od živlů i zvířeny dostávat na frak. Indie DIY kult letošního roku je nakažlivě originální groteska pro nové milénium, jejíž nonstop vír kreativních nápadů a zběsilého humoru vám vyrve bránici z těla.
https://www.csfd.cz/film/1240536-stovky-bobru/recenze/
https://www.imdb.com/title/tt12818328/reference
https://program.lfs.cz/detail/?film=Hundreds-of-Beavers","Uherské Hradiště, Park Rochus - Amfiteátr"
Debata nad knižním rozhovorem se Zuzanou Čaputovou,29/07/2024,18:00,29/07/2024,19:30,False,"90 min.
Jak vznikal knižní rozhovor se slovenskou prezidentkou Zuzanou Čaputovou? V červnu vyšla kniha Neztratit se sama sobě, šéfredaktor týdeníku Respekt vedl dva roky rozmluvu se slovenskou prezidentkou o tom, jaké to je být v tak vysoké funkci, co člověk zažívá mimo kamery. Kniha přináší nečekaně otevřenou zpověď a Erik Tabery bude v debatě vyprávět, jak to celé probíhalo.
https://program.lfs.cz/detail/?film=A-Discussion-On-A-Book-Interview-With-Zuzana-%c4%8caputov%c3%a1","Uherské Hradiště, Respekt stan"
Ukrajina tři roky poté,31/07/2024,10:00,31/07/2024,11:30,False,"90 min.
Jak ve válčící zemi žije umění?
https://program.lfs.cz/detail/?film=Ukraine--Three-Years-After","Uherské Hradiště, Respekt stan"
"Město, prostor, interakce vol. II",28/07/2024,18:00,28/07/2024,19:30,False,"90 min.
Diskusní panel letos znovu otevře téma kvality veřejného prostoru, jeho tvorby, městského plánování, kultivace ve velkém i malém měřítku, a především nutnosti spolupráce všech zainteresovaných – architektů, úředníků, místních politiků, developerů i širší laické veřejnosti. Takže i vás! Hosté: Jakub Kynčl (knesl kynčl architekti), Pavel Řihák (MAPPA, Městský ateliér prostorového plánování a architektury, Ostrava), Viktor Žák (ov architekti), Radek Kolařík (ateliér RKAW). Moderují: Dan Merta (ARCHITECTURA), Richard Vodička (Pole designu).
https://program.lfs.cz/detail/?film=City%2c-Space%2c-Interaction-vol-II","Uherské Hradiště, LFŠ stan"
Na konci světa,26/07/2024,15:30,26/07/2024,17:30,False,"God´s Own Country / Francis Lee / Velká Británie 2017 / 105 min. / 15 let / HD file
Zkrocená hora z Yorkshiru? Debut bývalého herce a farmářského synka Francise Leeho, jenž nadchl na festivalech Sundance a Berlinale, svébytně dojímá jako skvěle zahraná, větrem ošlehaná romance naštvaného kluka z ovčí farmy, který se až s příchodem pohledného cizince odváží někoho milovat.
https://www.csfd.cz/film/478427-na-konci-sveta/recenze/
https://www.imdb.com/title/tt5635086/reference
https://program.lfs.cz/detail/?film=God%c2%b4s-Own-Country","Uherské Hradiště, Kino Mír"
Na konci světa,28/07/2024,15:30,28/07/2024,17:30,False,"God´s Own Country / Francis Lee / Velká Británie 2017 / 105 min. / 15 let / HD file
Zkrocená hora z Yorkshiru? Debut bývalého herce a farmářského synka Francise Leeho, jenž nadchl na festivalech Sundance a Berlinale, svébytně dojímá jako skvěle zahraná, větrem ošlehaná romance naštvaného kluka z ovčí farmy, který se až s příchodem pohledného cizince odváží někoho milovat.
https://www.csfd.cz/film/478427-na-konci-sveta/recenze/
https://www.imdb.com/title/tt5635086/reference
https://program.lfs.cz/detail/?film=God%c2%b4s-Own-Country","Uherské Hradiště, Kino Mír"
Lekce filmu podle Arnauda Desplechina,28/07/2024,17:30,28/07/2024,19:00,False,"90 min.
Arnaud Desplechin je jedním z nejvýraznějších evropských auteurů s mimořádně kompaktní filmografií protkanou sítí motivů, jednotným stylem a neznatelnou ironií. Mistr křehkých psychologických dramat je se svými filmy rezidentem soutěže na MFF v Cannes a také je držitelem Césara za nejlepší režii (Tři vzpomínky). Během lekce filmu se bude zevrubně analyzovat celá Desplechinova dosavadní kariéra.
https://program.lfs.cz/detail/?film=Masterclass-with-Arnaud-Desplechin","Uherské Hradiště, Klub kultury - Malý sál"
Vánoční příběh,29/07/2024,10:30,29/07/2024,14:03,False,"Un conte de Noël / Arnaud Desplechin / Francie 2008 / 153 min. / 35mm
Roztříštěná rodina se během vánočních svátků musí znovu spojit, aby nalezla vhodného dárce kostní dřeně pro nemocnou matku. To, co by se z popisu mohlo jevit jako psychologické drama, je však zároveň vánoční komedie, v níž se skrze fragmentární naraci pokoušíme dát dohromady svérázné členy rodiny a opravit to, co bylo kdysi dávno rozbito.
https://www.csfd.cz/film/242111-vanocni-pribeh/recenze/
https://www.imdb.com/title/tt0993789/reference
https://program.lfs.cz/detail/?film=A-Christmas-Tale","Uherské Hradiště, Kino Hvězda"
Výtvarný workshop k filmu Nina a ježkovo tajemství,31/07/2024,17:00,31/07/2024,17:30,False,"30 min.
Máte rádi ježky? Přijďte si k nám vyrobit do dětského stanu malého, bodlinatého kamaráda podle vaší fantazie. Výtvarný workshop je určen pouze divákům filmu Nina a ježkovo tajemství.
https://program.lfs.cz/detail/?film=Creative-Workshop-to-Nina-and-the-Hedgehog%e2%80%99s-Secret","Uherské Hradiště, Dětský/herní stan"
Nikdo se nebude smát,31/07/2024,12:00,31/07/2024,13:47,False,"Hynek Bočan / ČSSR 1965 / 92 min. / HD file
Sžíravá komedie o střetu nezodpovědného intelektuála s přízemní společností patřila mezi oblíbené filmy Jana Kačera, který se při ztvárnění do sebe zahleděného kunsthistorika inspiroval autorem předlohy Milanem Kunderou. Suverénní debut Hynka Bočana a první a nejlepší z kunderovských filmových adaptací.
https://www.csfd.cz/film/811-nikdo-se-nebude-smat/recenze/
https://www.imdb.com/title/tt0123192/reference
https://program.lfs.cz/detail/?film=Nobody-Gets-the-Last-Laugh","Uherské Hradiště, Reduta - Velký sál"
Bílý šejk (kinolektorát),26/07/2024,22:00,26/07/2024,23:00,False,"Lo sceicco bianco / 60 min.
První samostatný film Federica Felliniho z roku 1954, který ironicky nahlíží fenomén fotorománů, přiblíží v kinolektorátu dramaturg sekce Valerio Coladonato.
https://www.csfd.cz/film/2614-bily-sejk/prehled/
https://www.imdb.com/title/tt0044000/?ref_=fn_al_tt_1
https://program.lfs.cz/detail/?film=The-White-Sheik-(cinema-lecture)","Uherské Hradiště, Reduta - Velký sál"
Film a datová žurnalistika,29/07/2024,17:00,29/07/2024,18:00,False,"60 min.
Matky, policisté a ženy s melounem aneb Český film v datové analýze. Kdy z českých filmů zmizeli milenci a kdy vrazi? Kdo byl nejstarší pohádkový princ? A jaká hudba by hrála v průměrném českém bijáku? Velkou analýzou 125 let tuzemské kinematografie od datového novináře zpravodajského webu iROZHLAS.cz Michala Kašpárka provede filmová publicistka Kristina Roháčková a její hosté.
https://program.lfs.cz/detail/?film=Film-and-Data-Journalism","Uherské Hradiště, Stan ČRo"
"DJs Ghándí, Redcliff a Spord (Spiritual Sound System)",27/07/2024,23:30,28/07/2024,4:30,False,"300 min.

https://program.lfs.cz/detail/?film=DJs-Gh%c3%a1nd%c3%ad%2c-Redcliff-a-Spord-(Spiritual-Sound-System)","Uherské Hradiště, Klub Mír (bar)"
Tereza Bínová / Radek Štěpánek,29/07/2024,18:15,29/07/2024,19:15,False,"60 min.
Dva výrazné hlasy současné české poezie.
https://program.lfs.cz/detail/?film=Tereza-B%c3%adnov%c3%a1-%2f-Radek-%c5%a0t%c4%9bp%c3%a1nek","Uherské Hradiště, Stan literatury/Nové reality"
Dobrozóna: Be Charity,28/07/2024,13:30,28/07/2024,15:00,False,"90 min.

https://program.lfs.cz/detail/?film=Goodness-Zone--Be-Charity","Uherské Hradiště, Stan literatury/Nové reality"
Cesta do pravěku,26/07/2024,21:30,26/07/2024,23:17,False,"Karel Zeman / Československo 1955 / 93 min. / HD file
Čtyři kluci proplují jeskyní a vydají se proti proudu času planety Země. Zažijí tak největší dobrodružství svých životů, společně s mamuty, zdechlinou stegosaura či trilobity. Slavný rodinný snímek Karla Zemana kombinující hranou, animovanou a loutkovou akci je triumfem technologie i vynalézavosti.
https://www.csfd.cz/film/10103-cesta-do-praveku/prehled/
https://www.imdb.com/title/tt0047930/?ref_=fn_al_tt_1
https://program.lfs.cz/detail/?film=Journey-to-the-Beginning-of-Time","Uherské Hradiště, Letní kino Smetanovy sady"
Studio N live: Hodnota braku,27/07/2024,16:00,27/07/2024,17:30,False,"90 min.
Studio N jede na festival dobrých filmů, mluvit bude ale o těch špatných. Filmová kritička Kristýna Roháčková a kritik Kamil Fila v živém natáčení podcastu rozeberou, co o nás říkají naše nejhorší filmy, proč bychom neměli zatracovat braky a co už je filmové elitářství. Je Zdeněk Troška v naší partě? Není ta naše parta trošku povýšená? A jak se vůbec pozná špatný film? Filip Titlbach a Vítek Svoboda se zeptají ve Studiu N live na Letní filmové škole.
https://program.lfs.cz/detail/?film=Studio-N-live--The-Value-of-Trash-Movies","Uherské Hradiště, LFŠ stan"
Andrea Sedláčková: Toyen,29/07/2024,19:30,29/07/2024,20:30,False,"60 min.
Kdo byla první dáma surrealismu? Dítě bez rodiny, nemilovaná žena, chudobná umělkyně.
https://program.lfs.cz/detail/?film=Andrea-Sedl%c3%a1%c4%8dkov%c3%a1--Toyen","Uherské Hradiště, Stan literatury/Nové reality"
Ventolin + Dukla,29/07/2024,19:30,29/07/2024,22:00,False,"150 min.

https://program.lfs.cz/detail/?film=Ventolin-%2b-Dukla","Uherské Hradiště, Kolejní nádvoří"
Návrat ztraceného syna,30/07/2024,10:30,30/07/2024,12:24,False,"Evald Schorm / ČSSR 1966 / 99 min. / HD file
V existenciálním dramatu Evalda Schorma vyjadřuje Jan Kačer, podobně jako v Schormově debutu Každý den odvahu, nespokojenost s morální šedí většinové společnosti, které ke štěstí stačí stálá práce a tvarohové buchty. Tentokrát v roli nešťastného architekta, jenž v Bohnicích přemýšlí jak (proč a jestli) žít.
https://www.csfd.cz/film/8154-navrat-ztraceneho-syna/recenze/
https://www.imdb.com/title/tt0060770/reference
https://program.lfs.cz/detail/?film=The-Return-of-the-Prodigal-Son","Uherské Hradiště, Reduta - Velký sál"
Ikarie XB 1,26/07/2024,17:15,26/07/2024,18:53,False,"Jindřich Polák / ČSSR 1963 / 83 min. / HD file
Digitálně restaurovaná verze kultovní sci-fi Jindřicha Poláka. Filozoficky laděný snímek, který byl na dlouhá léta jediným vážně míněným českým zástupcem žánru vědecko-technických snímků s novátorským soundtrackem, který dodnes fascinuje nové generace diváků a posluchačů.
https://www.csfd.cz/film/7390-ikarie-xb-1/prehled/
https://www.imdb.com/title/tt0122111/?ref_=nv_sr_srsg_0_tt_3_nm_5_q_ikarie%2520
https://program.lfs.cz/detail/?film=Ikarie-XB-1","Uherské Hradiště, Reduta - Velký sál"
Ikarie XB 1,31/07/2024,9:30,31/07/2024,11:08,False,"Jindřich Polák / ČSSR 1963 / 83 min. / HD file
Digitálně restaurovaná verze kultovní sci-fi Jindřicha Poláka. Filozoficky laděný snímek, který byl na dlouhá léta jediným vážně míněným českým zástupcem žánru vědecko-technických snímků s novátorským soundtrackem, který dodnes fascinuje nové generace diváků a posluchačů.
https://www.csfd.cz/film/7390-ikarie-xb-1/prehled/
https://www.imdb.com/title/tt0122111/?ref_=nv_sr_srsg_0_tt_3_nm_5_q_ikarie%2520
https://program.lfs.cz/detail/?film=Ikarie-XB-1","Uherské Hradiště, Reduta - Velký sál"
Iva Hejlíčková uvádí,01/08/2024,13:30,01/08/2024,15:30,False,"120 min.
Letní filmová škola letos neskončí ve středu večer – ve čtvrtek se totiž uvidíme hned ve čtyřech sálech! V hlavní katedrále LFŠ, kině Hvězda, pro vás pak budou tradičně připraveny tři speciální projekce – svatá trojice festivalu ve složení Radana Korená (ředitelka festivalu), Iva Hejlíčková (programová ředitelka) a Jan Jílek (programový ředitel) vybere své srdcovky, které vám osobně představí. V dokonale uvolněné atmosféře půjde o jediné – naposledy se ponořit do oranžového plyše sedaček kina a společně rozpouštět smutek z právě skončeného festivalu. Neformálně pojaté projekce budou osobním vyznáním tváří festivalu i dekompresní komorou pro vás všechny, kterým z post-LFŠ pátku 2. 8. již teď není volno…
https://program.lfs.cz/detail/?film=Iva-Hejl%c3%ad%c4%8dkov%c3%a1-Presents","Uherské Hradiště, Kino Hvězda"
Radana Korená uvádí,01/08/2024,11:30,01/08/2024,13:30,False,"120 min.
Letní filmová škola letos neskončí ve středu večer – ve čtvrtek se totiž uvidíme hned ve čtyřech sálech! V hlavní katedrále LFŠ, kině Hvězda, pro vás pak budou tradičně připraveny tři speciální projekce – svatá trojice festivalu ve složení Radana Korená (ředitelka festivalu), Iva Hejlíčková (programová ředitelka) a Jan Jílek (programový ředitel) vybere své srdcovky, které vám osobně představí. V dokonale uvolněné atmosféře půjde o jediné – naposledy se ponořit do oranžového plyše sedaček kina a společně rozpouštět smutek z právě skončeného festivalu. Neformálně pojaté projekce budou osobním vyznáním tváří festivalu i dekompresní komorou pro vás všechny, kterým z post-LFŠ pátku 2. 8. již teď není volno…
https://program.lfs.cz/detail/?film=Radana-Koren%c3%a1-Presents","Uherské Hradiště, Kino Hvězda"
Vladimír Birgus: Černobílý svět (Fotografie ze 70. - 90. let),26/07/2024,17:00,26/07/2024,17:30,False,"30 min.
Uznávaný fotograf se vrací k černobílým fotografiím ze 70.–90. let, z nichž mnohé donedávna nebyly publikovány a zůstávaly jen v negativech.
https://program.lfs.cz/detail/?film=Vladim%c3%adr-Birgus--The-Black-and-White-World-(Photos-from-1970%e2%80%931990)","Uherské Hradiště, Slovácké muzeum"
Podcast Odpustit?,29/07/2024,14:00,29/07/2024,15:00,False,"60 min.
Jak žít s těžkými věcmi, které nejde změnit? A proč je tak těžké odpouštět těm, které milujeme nejvíc? Odpovědi hledá podcastová série Ridiny Ahmedové s názvem Odpustit? (mujRozhlas, Český rozhlas Plus). Přijďte si poslechnout, jak vznikal dokumentární podcast o křivdách a smíření. O tom, jak v podcastovém prostředí pracují s náročnými tématy, budou mluvit autorka Ridina Ahmedová a dramaturgyně a kreativní producentka Veronika Ruppert. Tvůrčí dvojice, která stojí za úspěšnou podcastovou sérií o body shamingu Sádlo (Radio Wave).
https://program.lfs.cz/detail/?film=The-Forgive%3f-Podcast","Uherské Hradiště, Stan ČRo"
Ginger a Fred,30/07/2024,21:30,30/07/2024,23:50,False,"Ginger e Fred / Federico Fellini / Itálie, Francie, NSR 1985 / 125 min. / 15 let / DCP
Dva zestárlí kabaretiéři, kteří se kdysi proslavili imitováním americké taneční dvojice Ginger Rogersové a Freda Astaira, se po třiceti letech znovu setkávají v pokleslé vánoční show. V satiře z televizního prostředí si společně poprvé zahráli Giulietta Masinová a Marcello Mastroianni.
https://www.csfd.cz/film/2606-ginger-a-fred/prehled/
https://www.imdb.com/title/tt0091113/?ref_=fn_al_tt_2
https://program.lfs.cz/detail/?film=Ginger-%26-Fred","Uherské Hradiště, Kino Hvězda"
Horňácká muzika Petra Mičky,29/07/2024,19:00,30/07/2024,0:00,False,"300 min.
Horňácká muzika Petra Mičky (HMPM) je uznávanou kapelou nejen z hlediska tradičního folklorního pojetí, ale také svým přístupem k nejrůznějším formám hudebního crossoveru.
https://program.lfs.cz/detail/?film=Petr-Mi%c4%8dka%e2%80%99s-Dulcimer-Band","Uherské Hradiště, Cimbál stage"
Sbormistr,28/07/2024,16:00,28/07/2024,17:00,False,"60 min.
Beseda o celovečerním filmu, který vypráví o talentované Karolíně, jejíž dospívání osudově poznamenalo účinkování ve slavném pěveckém souboru. Příběh konkurenčního vztahu nadané teenagerky k její sestře a k ostatním členkám sboru i jejího vztahu k přitažlivému, ale manipulativnímu sbormistrovi, je do velké míry definovaný hudbou a zkoumá téma sexuálního zneužívání i otázku společenských norem na pozadí 90. let.
https://program.lfs.cz/detail/?film=The-Choirmaster","Uherské Hradiště, Stan ČT"
Hudba: Zdeněk Liška,27/07/2024,15:00,27/07/2024,16:30,False,"90 min.
Zdeněk Liška byl pro moderní československou filmovou hudbu velkým zakladatelem i experimentujícím inovátorem. Jeho jméno se pojí s úžasnými momenty kinematografie (Spalovač mrtvol, Marketa Lazarová, Ikarie XB-1, krátké filmy Jana Švankmajera a stovky dalších titulů), jeho životní styl dodnes vzbuzuje úžas. Hudbu a osobnost Zdeňka Lišky přibližuje Pavel Klusák, včetně defilé ukázek, které se nevešly do dokumentu Hudba Zdeněk Liška.
https://program.lfs.cz/detail/?film=Spoken-Word-with-Film-Excerpts","Uherské Hradiště, Klub kultury - Malý sál"
"Workshop: Světlo, stín a akce!",27/07/2024,14:00,27/07/2024,17:00,False,"180 min.

https://program.lfs.cz/detail/?film=Workshop--Light%2c-Shadow-and-Action!","Uherské Hradiště, HUB 123"
Ashkal: Vyšetřování v Tunisu,27/07/2024,23:00,28/07/2024,0:47,False,"Ashkal / Youssef Chebbi / Francie, Tunisko 2022 / 92 min. / 15 let / DCP
Kartaginské zahrady jsou čtvrtí budovanou pro potřeby pohlavárů někdejšího diktátorského režimu. Po revolučních událostech v roce 2011 se jejich výstavba přerušila. Až dodnes. Čtvrť znovu ožívá. Zdá se však, že měla dále spát. V prostorách stavby je totiž nalezena ohořelá mrtvola a tým dvou detektivů se ocitá v centru mysteriózního případu.
https://www.csfd.cz/film/1184607-ashkal-vysetrovani-v-tunisu/recenze/
https://www.imdb.com/title/tt19783912/reference
https://program.lfs.cz/detail/?film=Ashkal--The-Tunisian-Investigation","Uherské Hradiště, Kino Hvězda"
Ashkal: Vyšetřování v Tunisu,30/07/2024,22:30,31/07/2024,0:17,False,"Ashkal / Youssef Chebbi / Francie, Tunisko 2022 / 92 min. / 15 let / DCP
Kartaginské zahrady jsou čtvrtí budovanou pro potřeby pohlavárů někdejšího diktátorského režimu. Po revolučních událostech v roce 2011 se jejich výstavba přerušila. Až dodnes. Čtvrť znovu ožívá. Zdá se však, že měla dále spát. V prostorách stavby je totiž nalezena ohořelá mrtvola a tým dvou detektivů se ocitá v centru mysteriózního případu.
https://www.csfd.cz/film/1184607-ashkal-vysetrovani-v-tunisu/recenze/
https://www.imdb.com/title/tt19783912/reference
https://program.lfs.cz/detail/?film=Ashkal--The-Tunisian-Investigation","Uherské Hradiště, Slovácké divadlo"
Jakub Fránek: Tropické noci,26/07/2024,17:30,26/07/2024,18:30,False,"60 min.
Psychologický thriller z malé moravské vesnice? Jakub Fránek vystavěl brilantní román, ve kterém dokáže čtenáře udržovat po celou dobu v napětí.
https://program.lfs.cz/detail/?film=Jakub-Fr%c3%a1nek--Tropical-Nights","Uherské Hradiště, Stan literatury/Nové reality"
CinEd uvádí: Pásmo krátkých chorvatských filmů pro teenagery,31/07/2024,10:00,31/07/2024,12:00,False,"120 min.
Dva krátkometrážní filmy autorů mladší generace, jejichž hlavními hrdiny jsou teenageři. Pro děti a mládež od 15 let, kapacita je omezená.
https://program.lfs.cz/detail/?film=CinEd-Presents--A-Series-of-Short-Chroatian-Films-for-Teenagers","Uherské Hradiště, Dětský/herní stan"
Podcast Lit,30/07/2024,19:00,30/07/2024,20:00,False,"60 min.
„Ale knížka byla daleko lepší…“ Jsi tenhle člověk, když jdeš z kina? Máme vůbec filmy a knihy srovnávat? Nemáme prostě na filmy koukat a knížky číst? Přijď to probrat s Janem Dlouhým a Evou Soukeníkovou na živém natáčení literárního podcastu Lit Radia Wave.
https://program.lfs.cz/detail/?film=The-Lit-Podcast","Uherské Hradiště, Stan ČRo"
Osm a půl,28/07/2024,17:00,28/07/2024,19:34,False,"8½ / Federico Fellini / Francie, Itálie 1963 / 139 min. / 15 let / DCP
Příběh filmového režiséra, který se pokouší vymanit z umělecké i osobní krize, se odvíjí ve dvou paralelních rovinách, v nichž se skutečnost mísí s fantaskními vizemi. Za extravagantní sebeanalytickou meditaci o neschopnosti tvořit i milovat Federico Fellini získal třetího Oscara.
https://www.csfd.cz/film/2596-osm-a-pul/prehled/
https://www.imdb.com/title/tt0056801/?ref_=nm_flmg_t_19_dr
https://program.lfs.cz/detail/?film=8%c2%bd","Uherské Hradiště, Sportovní hala"
Jen o rodinných záležitostech,29/07/2024,21:30,29/07/2024,23:39,False,"Jiří Svoboda / ČSFR 1990 / 114 min. / DCP
Politické drama Jiřího Svobody Jen o rodinných záležitostech sugestivně ukazuje brutalitu vykonstruovaných politických procesů v 50. letech 20. století. Komunistický aparát představuje jako strojově fungující mechanismus, který spolehlivě rozloží i sebesilnější individualitu.
https://www.csfd.cz/film/8826-jen-o-rodinnych-zalezitostech/recenze/
https://www.imdb.com/title/tt0099876/reference
https://program.lfs.cz/detail/?film=Family-Matters","Uherské Hradiště, Věznice Uherské Hradiště"
Horňácká cimbálová muzika Kubíci,30/07/2024,19:00,31/07/2024,0:00,False,"300 min.

https://program.lfs.cz/detail/?film=Kub%c3%adci-Dulcimer-Band","Uherské Hradiště, Cimbál stage"
Pan Prokouk vynálezcem,27/07/2024,23:30,27/07/2024,23:40,False,"Karel Zeman / Československo 1949 / 10 min. / HD file
Lepší než pokusy o perpetuum mobile je zlepšovací návrh, který zvýší výkon! I kdyby se vám nakrásně v noci zdálo, jak ulevit svým bolestem zad ztrápených prací s vrtačkou, nepodlehněte mámení slávy a bohatství. Vrtejta dál a přijdete snadno na to, jak pracovat s radostí a bezbolestně!
https://www.csfd.cz/film/10116-pan-prokouk-vynalezcem/recenze/
https://www.imdb.com/title/tt0177085/reference
https://program.lfs.cz/detail/?film=Mr-Prokouk%2c-The-Inventor","Uherské Hradiště, Letní kino Smetanovy sady"
Amarcord,27/07/2024,8:00,27/07/2024,10:19,False,"Federico Fellini / Itálie, Francie 1973 / 124 min. / 15 let / Blu-ray
Federico Fellini v albu vzpomínek na své dospívání v Rimini promíchal realitu s fantazií a sny. V Oscarem oceněné mozaice o „historii jedné generace, jednoho města, jedné provincie, jednoho národa“ vystupuje defilé pitoreskních postav, které režisér dobře znal, nebo si je dobře vymyslel.
https://www.csfd.cz/film/2597-amarcord/prehled/
https://www.imdb.com/title/tt0071129/
https://program.lfs.cz/detail/?film=Amarcord","Uherské Hradiště, Kino Hvězda"
Amarcord,29/07/2024,16:30,29/07/2024,18:49,False,"Federico Fellini / Itálie, Francie 1973 / 124 min. / 15 let / Blu-ray
Federico Fellini v albu vzpomínek na své dospívání v Rimini promíchal realitu s fantazií a sny. V Oscarem oceněné mozaice o „historii jedné generace, jednoho města, jedné provincie, jednoho národa“ vystupuje defilé pitoreskních postav, které režisér dobře znal, nebo si je dobře vymyslel.
https://www.csfd.cz/film/2597-amarcord/prehled/
https://www.imdb.com/title/tt0071129/
https://program.lfs.cz/detail/?film=Amarcord","Uherské Hradiště, Sportovní hala"
Banu,30/07/2024,14:30,30/07/2024,16:15,False,"Tahmina Rafaellaová / Ázerbájdžán, Itálie, Írán, Francie 2022 / 90 min. / DCP
Banu se chce rozvést, čímž riskuje ztrátu jediného dítěte. Aby dokázala, že si péči o syna zaslouží, musí sehnat svědky potvrzující její mateřskou způsobilost. Jak ale najít zastání v patriarchálním světě spoutaném manželovými konexemi? Režijní debut historicky první ázerbájdžánské režisérky o údělu a síle tamních žen.
https://www.csfd.cz/film/1229406-banu/videa/
https://www.imdb.com/title/tt20834766/
https://program.lfs.cz/detail/?film=Banu","Uherské Hradiště, Klub kultury - Velký sál"
Návrat k přirozenému porodnictví,28/07/2024,10:30,28/07/2024,12:30,False,"120 min.

https://program.lfs.cz/detail/?film=A-morning-hour-of-gentle-awakening-and-connection-of-body%2c-mind-and-soul-An-invitation-to-experience-sound-in-the-body%2c-sound-in-the-movement-The-mu","Uherské Hradiště, Stan literatury/Nové reality"
Dobrozóna: Diakonie Uherské Hradiště - středisko CESTA,29/07/2024,13:30,29/07/2024,15:00,False,"90 min.

https://program.lfs.cz/detail/?film=Goodness-Zone--Diaconia-Uhersk%c3%a9-Hradi%c5%a1t%c4%9b","Uherské Hradiště, Stan literatury/Nové reality"
Maski - ukrajinští mistři televizní grotesky,27/07/2024,12:00,27/07/2024,13:00,False,"60 min.
Cyklus němých grotesek Maski Show debutoval počátkem devadesátých let. Byla to jedna z nejoriginálnějších show, která v zemích bývalého Sovětského svazu v devadesátých letech vznikla. Soubor vznikl jako divadelní uskupení v roce 1984 v Oděse a až dodnes je jeho šéfem stále Georgy Deliev. Jejich tvorba vychází z bohatých klasických tradic commedie dell'arte, němé grotesky i Divadla absurdit.
https://program.lfs.cz/detail/?film=Maski-Show-%e2%80%93-Masters-of-the-TV-Grotesque","Uherské Hradiště, Stan ČT"
Dobrozóna: MILA,27/07/2024,13:30,27/07/2024,15:00,False,"90 min.
M.I.L.A. (www.mila.je ) 

Představuje: Simona Bagarová (ředitelka) 

Jsme tady proto, aby bylo dobře seniorům i těm, kdo o ně pečují. Přejeme si, aby lidé, kteří pečují, měli pro svou práci důstojné podmínky a jejich profese větší prestiž. Ročně se dotkneme života 400 profesionálních pečujících, vysíláme impulsy k systémovým změnám a věnujeme se osvětě o pečovatelské práci. Přijďte i vy poznat lidi, kteří pečují a kteří svou práci vnímají jako dar a lidskost jako její podstatu.
https://program.lfs.cz/detail/?film=Goodness-Zone--MILA","Uherské Hradiště, Stan literatury/Nové reality"
Twin Peaks: Ohni se mnou pojď,28/07/2024,21:00,28/07/2024,23:29,False,"Twin Peaks: Fire Walk with Me / David Lynch / USA 1992 / 134 min. / 15 let / DCP
Co vedlo k záhadným událostem v malém městečku Twin Peaks? Prequel kultovního seriálu nás zavádí do sedmi dnů mladé studentky Laury Palmerové. Tragické události však mají brzy celé městečko zahalit do temného závoje. Nic není, jak se jeví, a každý má svá tajemství. A to největší z nich zřejmě ukrývá Lauřin otec.
https://www.csfd.cz/film/6260-twin-peaks-ohni-se-mnou-pojd/recenze/
https://www.imdb.com/title/tt0105665/reference
https://program.lfs.cz/detail/?film=Twin-Peaks--Fire-Walk-With-Me","Uherské Hradiště, Klub kultury - Velký sál"
Twin Peaks: Ohni se mnou pojď,31/07/2024,22:30,01/08/2024,0:59,False,"Twin Peaks: Fire Walk with Me / David Lynch / USA 1992 / 134 min. / 15 let / DCP
Co vedlo k záhadným událostem v malém městečku Twin Peaks? Prequel kultovního seriálu nás zavádí do sedmi dnů mladé studentky Laury Palmerové. Tragické události však mají brzy celé městečko zahalit do temného závoje. Nic není, jak se jeví, a každý má svá tajemství. A to největší z nich zřejmě ukrývá Lauřin otec.
https://www.csfd.cz/film/6260-twin-peaks-ohni-se-mnou-pojd/recenze/
https://www.imdb.com/title/tt0105665/reference
https://program.lfs.cz/detail/?film=Twin-Peaks--Fire-Walk-With-Me","Uherské Hradiště, Orlovna"
Kolja,30/07/2024,22:00,30/07/2024,23:48,False,"Jan Svěrák / Česká republika, Velká Británie, Francie 1996 / 108 min. / DCP
Staromládenec a proutník František Louka v sobě najde rodičovský cit, když je donucen postarat se o pětiletého syna Kolju, kterého vyženil. Nejslavnější počin Jana a Zdeňka Svěrákových, oceněný Oscarem i Zlatým glóbem, je ukázkou filmu, v němž každá složka dokonale funguje spolu s ostatními.
https://www.csfd.cz/film/8805-kolja/prehled/
https://www.imdb.com/title/tt0116790/?ref_=nv_sr_srsg_0_tt_5_nm_3_q_kolya
https://program.lfs.cz/detail/?film=Kolya","Uherské Hradiště, Letní kino Masarykovo náměstí"
Dobrozóna: Blízko nás,30/07/2024,13:30,30/07/2024,15:00,False,"90 min.

https://program.lfs.cz/detail/?film=Goodness-Zone--Close-To-Us","Uherské Hradiště, Stan literatury/Nové reality"
Tři ženy,28/07/2024,8:00,28/07/2024,10:19,False,"Three Women / Robert Altman / USA 1977 / 124 min. / DCP
Sebevědomá Millie pracuje jako terapeutka v geriatrickém zařízení uprostřed kalifornské pouště. Sleduje nejnovější trendy, nechává se ovlivnit reklamou a neustále se vnucuje svému okolí. Dětsky se chovající Pinky k ní nastupuje do práce a stane se její spolubydlící. Nejstarší ze tří protagonistek Willie je těhotná a vytváří podivné nástěnné malby.
https://www.csfd.cz/film/89-tri-zeny/recenze/
https://www.imdb.com/title/tt0075612/reference
https://program.lfs.cz/detail/?film=Three-Women","Uherské Hradiště, Kino Hvězda"
Tři ženy,01/08/2024,13:30,01/08/2024,15:49,False,"Three Women / Robert Altman / USA 1977 / 124 min. / DCP
Sebevědomá Millie pracuje jako terapeutka v geriatrickém zařízení uprostřed kalifornské pouště. Sleduje nejnovější trendy, nechává se ovlivnit reklamou a neustále se vnucuje svému okolí. Dětsky se chovající Pinky k ní nastupuje do práce a stane se její spolubydlící. Nejstarší ze tří protagonistek Willie je těhotná a vytváří podivné nástěnné malby.
https://www.csfd.cz/film/89-tri-zeny/recenze/
https://www.imdb.com/title/tt0075612/reference
https://program.lfs.cz/detail/?film=Three-Women","Uherské Hradiště, Sportovní hala"
Pan Prokouk filmuje,28/07/2024,21:30,28/07/2024,21:39,False,"Karel Zeman / Československo 1948 / 9 min. / HD file
Kdo zhlédne další dobrodružství pana Prokouka až do konce a nepůjde se v průběhu představení přihlásit o práci ve stavebnictví, je nebezpečný a ukrutný cynik! Zeman sice znovu agituje (tentokrát ve prospěch práce i skutečného umění), ale činí tak s půvabným nadhledem a filmovou erudicí.
https://www.csfd.cz/film/10114-pan-prokouk-filmuje/recenze/
https://www.imdb.com/title/tt0177083/reference
https://program.lfs.cz/detail/?film=Mr-Prokouk%2c-The-Filmmaker","Uherské Hradiště, Letní kino Smetanovy sady"
Pueblo,28/07/2024,20:00,28/07/2024,21:31,False,"Jiří Svoboda / ČSSR 1981 / 91 min.
Volná rekonstrukce událostí kolem zajetí válečné lodi USA registrované jako plavidlo strážní a hlídkové služby a tiskové konference 25. 1. 68 v hlavním městě KLDR.
https://program.lfs.cz/detail/?film=Pueblo","Uherské Hradiště, Stan ČT"
Páter Vojtěch (hudba: Vojtěch Adamčík),28/07/2024,22:00,28/07/2024,23:51,False,"Páter Vojtěch (Music: Vojtěch Adamčík) / Martin Frič / Československo 1928 / 96 min. / HD file
Páter Vojtěch je první celovečerní film významného českého režiséra Martina Friče, a současně první z trojice mimořádných němých snímků, které během pouhých dvou let režíroval. Každý z nich přitom pojal jako svého druhu umělecký experiment s některou z vlivných mezinárodních stylistických tendencí – a přitom zůstával věrný české poetice.
https://www.csfd.cz/film/3150-pater-vojtech/prehled/
https://www.imdb.com/title/tt0169154/?ref_=fn_al_tt_1
https://program.lfs.cz/detail/?film=Father-Vojt%c4%9bch","Uherské Hradiště, Reduta - Velký sál"
Mirka Ábelová: Dom,28/07/2024,19:30,28/07/2024,20:15,False,"45 min.
Pátá básnická sbírka oblíbené slovenské básnířky Mirky Ábelové rozehrává příběhy tří žen v jedné obci.
https://program.lfs.cz/detail/?film=Mirka-%c3%81belov%c3%a1--The-House","Uherské Hradiště, Stan literatury/Nové reality"
Zahradníkův rok,27/07/2024,16:45,27/07/2024,19:29,False,"Jiří Havelka / Česká republika 2023 / 104 min. / DCP
Má rád svoji práci, svoji ženu a svůj klid. Pracuje, stará se, je spokojený. Potom ale sousední zámek koupí movitý majitel a ten dostane zálusk i na jeho zahradnictví. A co nepůjde po dobrém, snaží se získat po zlém. Skutečným příběhem inspirovaný film o moci bohatých a bezmoci chudých.
https://program.lfs.cz/detail/?film=Gardener","Uherské Hradiště, Klub kultury - Velký sál"
Zahradníkův rok,31/07/2024,9:30,31/07/2024,11:29,False,"Jiří Havelka / Česká republika 2023 / 104 min. / DCP
Má rád svoji práci, svoji ženu a svůj klid. Pracuje, stará se, je spokojený. Potom ale sousední zámek koupí movitý majitel a ten dostane zálusk i na jeho zahradnictví. A co nepůjde po dobrém, snaží se získat po zlém. Skutečným příběhem inspirovaný film o moci bohatých a bezmoci chudých.
https://program.lfs.cz/detail/?film=Gardener","Uherské Hradiště, Kino Hvězda"
Neduživý gurmán,29/07/2024,10:00,29/07/2024,12:51,False,"Flux Gourmet / Peter Strickland / Velká Británie, Maďarsko, USA 2022 / 111 min. / 15 let / DCP
Zvukař Stones, který trpí nadměrnou plynatostí, se ocitne uprostřed mocenské přetlačované mezi mecenáškou Institutu zvukové gastronomie a tříčlennou skupinou sonických performerů. Pátý film svérázného filmaře Petera Stricklanda nabízí smyslově intenzivní zážitek, který lahodí uším i hýbe žaludkem.
https://www.csfd.cz/film/1087058-neduzivy-gurman/recenze/
https://www.imdb.com/title/tt15010292/reference
https://program.lfs.cz/detail/?film=Flux-Gourmet","Uherské Hradiště, Sportovní hala"
Postřižiny,26/07/2024,23:59,27/07/2024,1:33,False,"Jiří Menzel / ČSSR 1980 / 94 min. / DCP
Úzkoprsý správce prvorepublikového pivovaru má rád pořádek a řád, zatímco jeho okouzlující manželka dychtivě miluje všechno, co je nepředvídatelné a nebezpečné. Idylická adaptace předlohy Bohumila Hrabala se odehrává v čase „postřižin“: zkracují se vzdálenosti, sukně i vlasy paní správcové.
https://www.csfd.cz/film/6665-postriziny/prehled/
https://www.imdb.com/title/tt0081363/?ref_=nm_flmg_t_18_dr
https://program.lfs.cz/detail/?film=Cutting-It-Short","Uherské Hradiště, Letní kino Masarykovo náměstí"
Zofia Bałdyga / Iryna Zahladko,30/07/2024,17:00,30/07/2024,18:00,False,"60 min.
Dvě výrazné básnířky přinášející unikátní pohledy na jazyk.
https://program.lfs.cz/detail/?film=Zofia-Ba%c5%82dyga-%2f-Iryna-Zahladko","Uherské Hradiště, Stan literatury/Nové reality"
"Poslechy rozhlasových her, podcasty s Českým rozhlasem I",29/07/2024,11:00,29/07/2024,12:00,False,"Poslechy rozhlasových her, podcasty s Českým rozhlasem / 60 min.
Poslechy rozhlasových dramatizací a nejlepších podcastů Českého rozhlasu.
https://program.lfs.cz/detail/?film=Listening-to-Radio-Dramas-and-Podcasts-with-Czech-Radio-I","Uherské Hradiště, Stan ČRo"
Němá tajemství,28/07/2024,16:15,28/07/2024,19:02,False,"Tomáš Mašín / Česká republika 2023 / 107 min. / HD file
Tři ženy nad lůžkem jednoho těžce zraněného muže aneb jak jeden okamžik dokáže zcela převrátit naše životy a vyplavit na povrch všechno, co mělo zůstat utajené a skryté. Mix vztahového dramatu, psychologického filmu a detektivky nabízí vhled do nejniternějších lidských emocí i silný divácký zážitek.
https://program.lfs.cz/detail/?film=Supressed","Uherské Hradiště, Reduta - Velký sál"
Vedení domácnosti pro začátečníky,26/07/2024,18:45,26/07/2024,20:47,False,"Domakinstvo za početnici / Goran Stolevski / Severní Makedonie, Kosovo, Polsko, Srbsko, Chorvatsko 2023 / 107 min. / DCP
Netradiční početná rodina, malý dům s neustále cirkulujícím cigaretovým kouřem, společné sdílení osobních traumat a hledání štěstí navzdory nevýhodným podmínkám. Novinka talentovaného a vždy jiného režiséra Gorana Stolevskiho přináší nepatetický a vtahující subsvět v současné Skopji.
https://www.csfd.cz/film/1410652-domakinstvo-za-pocetnici/videa/
https://www.imdb.com/title/tt24244436/?ref_=fn_al_tt_1
https://program.lfs.cz/detail/?film=Houskeeping-for-Beginners","Uherské Hradiště, Sportovní hala"
Vedení domácnosti pro začátečníky,28/07/2024,15:00,28/07/2024,17:02,False,"Domakinstvo za početnici / Goran Stolevski / Severní Makedonie, Kosovo, Polsko, Srbsko, Chorvatsko 2023 / 107 min. / DCP
Netradiční početná rodina, malý dům s neustále cirkulujícím cigaretovým kouřem, společné sdílení osobních traumat a hledání štěstí navzdory nevýhodným podmínkám. Novinka talentovaného a vždy jiného režiséra Gorana Stolevskiho přináší nepatetický a vtahující subsvět v současné Skopji.
https://www.csfd.cz/film/1410652-domakinstvo-za-pocetnici/videa/
https://www.imdb.com/title/tt24244436/?ref_=fn_al_tt_1
https://program.lfs.cz/detail/?film=Houskeeping-for-Beginners","Uherské Hradiště, Orlovna"
"Narodil jsem se, ale... (benši: Ičiro Kataoka, hudba: Reiko Emuraová)",28/07/2024,15:30,28/07/2024,17:15,False,"Umarete wa mita keredo / Jasudžiró Ozu / Japonsko 1932 / 90 min. / DCP
Narodil jsem se, ale... zůstává nejznámějším a nejoceňovanějším němým filmem Jasudžira Ozua. Skvěle funguje jako nadčasová společenská satira i pronikavý komentář k rodinné každodennosti, kde se potkává a doplňuje hned několik linií jeho tvorby: jen zdánlivě prosté příběhy z pracovního, školního a rodinného prostředí.
https://www.csfd.cz/film/124944-narodil-jsem-se-ale/recenze/
https://www.imdb.com/title/tt0023634/combined
https://program.lfs.cz/detail/?film=I-Was-Born%2c-But-(Benshi--Ichiro-Kataoka%2c-Music--Reiko-Emura)","Uherské Hradiště, Kino Hvězda"
"Pan Prokouk, přítel zvířátek",30/07/2024,21:30,30/07/2024,21:40,False,"Karel Zeman / Československo 1955 / 10 min. / HD file
Zemanův poslední návrat k postavě pana Prokouka (další jeho krátká dobrodružství už natočil Zdeněk Rozkopal) po šesti letech. Prokoukova dobrodružství přinášejí svébytný průnik agitačního filmu s animovanou groteskou – nejinak tomu je i v tomto případě, kdy z mnoha zábavných eskapád vyplyne, že zvířátka mohou být šťastná jen ve svém domovském prostředí, tedy na venku.
https://www.csfd.cz/film/10118-pan-prokouk-pritel-zviratek/recenze/
https://www.imdb.com/title/tt0177087/reference
https://program.lfs.cz/detail/?film=Mr-Prokouk%2c-The-Animal-Lover","Uherské Hradiště, Letní kino Smetanovy sady"
Sférické kino,27/07/2024,14:00,27/07/2024,18:00,False,"240 min.

https://program.lfs.cz/detail/?film=Spherical-Cinema","Uherské Hradiště, Dětský/herní stan"
Od konce světa nic dobrého nečekejte,27/07/2024,11:00,27/07/2024,13:58,False,"Nu astepta prea mult de la sfârsitul lumii / Radu Jude / Rumunsko, Francie, Lucembursko, Chorvatsko 2023 / 163 min. / 15 let / DCP
Produkční Angela vstává za kuropění, aby mohla otročit v nadnárodní firmě plundrující její rodnou zem. Svou chronickou životní frustraci si pak vybíjí v obscénních výlevech na TikToku. Odysea přepracované ženy se v nekompromisním podání Radu Judeho stává nesmírně pronikavým a mimořádně zábavným portrétem současnosti.
https://www.csfd.cz/film/1389789-od-konce-sveta-nic-dobreho-necekejte/prehled/
https://www.imdb.com/title/tt18162096/?ref_=nv_sr_srsg_0_tt_8_nm_0_q_do%2520not%2520expect%2520too%2520much
https://program.lfs.cz/detail/?film=Do-Not-Expect-Too-Much-from-the-End-of-the-World","Uherské Hradiště, Kino Hvězda"
Od konce světa nic dobrého nečekejte,31/07/2024,10:00,31/07/2024,12:58,False,"Nu astepta prea mult de la sfârsitul lumii / Radu Jude / Rumunsko, Francie, Lucembursko, Chorvatsko 2023 / 163 min. / 15 let / DCP
Produkční Angela vstává za kuropění, aby mohla otročit v nadnárodní firmě plundrující její rodnou zem. Svou chronickou životní frustraci si pak vybíjí v obscénních výlevech na TikToku. Odysea přepracované ženy se v nekompromisním podání Radu Judeho stává nesmírně pronikavým a mimořádně zábavným portrétem současnosti.
https://www.csfd.cz/film/1389789-od-konce-sveta-nic-dobreho-necekejte/prehled/
https://www.imdb.com/title/tt18162096/?ref_=nv_sr_srsg_0_tt_8_nm_0_q_do%2520not%2520expect%2520too%2520much
https://program.lfs.cz/detail/?film=Do-Not-Expect-Too-Much-from-the-End-of-the-World","Uherské Hradiště, Orlovna"
Harafica a hosté,26/07/2024,20:30,26/07/2024,22:00,False,"90 min.

https://program.lfs.cz/detail/?film=Harafica-%26-Guests","Uherské Hradiště, Kolejní nádvoří"
O těle a duši,28/07/2024,20:30,28/07/2024,23:26,False,"Teströl és lélekröl / Ildikó Enyediová / Maďarsko 2017 / 116 min. / 18 let / DCP
Film O těle a duši si napříč kritikami vysloužil přezdívku jateční romance, při které někteří diváci znechuceně odcházeli ze sálů. Explicitní naturalističnost je tu však kombinována s citlivostí melodramatu a snovostí magického realismu a zejména je příběhem dvou zbloudilých duší, které se nalézají ve světě plném násilí. Nebudou nakonec sny lepším místem pro jejich setkávání?
https://www.csfd.cz/film/485355-o-tele-a-dusi/recenze/
https://www.imdb.com/title/tt5607714/reference
https://program.lfs.cz/detail/?film=On-Body-and-Soul","Uherské Hradiště, Sportovní hala"
Dívčí království: Sofia Coppolová a její svět,30/07/2024,12:00,30/07/2024,13:30,False,"90 min.
Pro jedny velký talent, pro jiné protekční nepo-baby, kterému cestu umetl slavný otec. Režisérka Sofia Coppola (Ztraceno v překladu, Marie Antoinette, Oklamaný) patří od svého debutu Smrt panen (1999) k výrazným tvářím amerického filmu. Aktuálně i česká kina hrají její životopisný film Priscilla, o manželce Elvise Presleyho. Co charakterizuje její styl, k jakým tématům se vrací a jaké je její místo mezi světovými režisérkami?
https://program.lfs.cz/detail/?film=The-Girl%e2%80%99s-Kingdom--Sofia-Coppola-And-Her-World","Uherské Hradiště, Respekt stan"
"Jeanne Dielmanová, Obchodní nábřeží 23, 1080 Brusel",26/07/2024,12:30,26/07/2024,16:07,False,"Jeanne Dielman, 23, quai du Commerce, 1080 Bruxelles / Chantal Akermanová / Belgie, Francie 1975 / 202 min. / DCP
Nekompromisní deník ze života jedné belgické hausfrau přetváří ubíjející domácí rutinu v minimalistické akční drama. Hrdinčina strojová zhypnotizovanost se přelévá v rezignaci a vzdor. Když se šrotující kolečka zadrhávají a vypínají, sebemenší odchylka od normálu náhle elektrizuje jako výboj ze zkratující zásuvky.
https://www.csfd.cz/film/48833-jeanne-dielmanova-obchodni-nabrezi-23-1080-brusel/prehled/
https://www.imdb.com/title/tt0073198/?ref_=nm_flmg_c_45_dr
https://program.lfs.cz/detail/?film=Jeanne-Dielman%2c-23-Quai-du-Commerce%2c-1080-Brussels","Uherské Hradiště, Slovácké divadlo"
"Jeanne Dielmanová, Obchodní nábřeží 23, 1080 Brusel",31/07/2024,11:30,31/07/2024,15:07,False,"Jeanne Dielman, 23, quai du Commerce, 1080 Bruxelles / Chantal Akermanová / Belgie, Francie 1975 / 202 min. / DCP
Nekompromisní deník ze života jedné belgické hausfrau přetváří ubíjející domácí rutinu v minimalistické akční drama. Hrdinčina strojová zhypnotizovanost se přelévá v rezignaci a vzdor. Když se šrotující kolečka zadrhávají a vypínají, sebemenší odchylka od normálu náhle elektrizuje jako výboj ze zkratující zásuvky.
https://www.csfd.cz/film/48833-jeanne-dielmanova-obchodni-nabrezi-23-1080-brusel/prehled/
https://www.imdb.com/title/tt0073198/?ref_=nm_flmg_c_45_dr
https://program.lfs.cz/detail/?film=Jeanne-Dielman%2c-23-Quai-du-Commerce%2c-1080-Brussels","Uherské Hradiště, Slovácké divadlo"
Tělesné vztahy,28/07/2024,17:30,28/07/2024,19:23,False,"Carnal Knowledge / Mike Nichols / USA 1971 / 98 min. / 15 let / DCP
Jonathan a Sandy spolu bydlí na vysokoškolské koleji a přes patrnou povahovou odlišnost jsou velcí kamarádi a mají i podobné představy o budoucím životě – tedy ohledně opačného pohlaví. Během dvaceti let, kdy sledujeme jejich osudy, se však věci okolo nich mění a vysněný život se střetává s neúprosnou realitou.
https://www.csfd.cz/film/6971-telesne-vztahy/recenze/
https://www.imdb.com/title/tt0066892/reference
https://program.lfs.cz/detail/?film=Carnal-Knowledge","Uherské Hradiště, Orlovna"
Čarodějův učeň,31/07/2024,21:30,31/07/2024,22:57,False,"Karel Zeman / ČSSR 1977 / 72 min. / HD file
Nejděsivější produkt československého animovaného filmu i noční můra husákových dětí – tím vším je hororově laděná pohádka Karla Zemana Čarodějův učeň. Hlavním poselstvím potemnělé balady o sirotkovi Krabatovi je však zjištění, že opravdové přátelství a láska jsou silnější než všechna černá magie.
https://www.csfd.cz/film/10102-carodejuv-ucen/prehled/
https://www.imdb.com/title/tt0075811/reference
https://program.lfs.cz/detail/?film=Krabat--The-Sorcerer%27s-Apprentice","Uherské Hradiště, Letní kino Smetanovy sady"
Jindra ze Sovince,31/07/2024,18:00,31/07/2024,19:30,False,"90 min.
S legendou české dokumentární fotografie Jindřichem Štreitem o životě v Československu a Česku viděném skrz hledáček jeho kamery.
https://program.lfs.cz/detail/?film=Jindra-from-Sovinec","Uherské Hradiště, Respekt stan"
Dědictví aneb Kurvahošigutntag,28/07/2024,22:00,29/07/2024,0:00,False,"Věra Chytilová / ČSFR 1992 / 120 min. / DCP
Vesnický prosťáček Bohuš Stejskal, který zdědil miliónový majetek, se vrhá do víru porevolučního hýření. První celovečerní film, jejž Věra Chytilová natočila za demokracie, byl po premiéře kritikou odmítnut jako znepokojivý symptom doby svého vzniku. Dnes platí za její svědectví.
https://www.csfd.cz/film/1524-dedictvi-aneb-kurvahosigutntag/prehled/
https://www.imdb.com/title/tt0106693/?ref_=nm_knf_t_2
https://program.lfs.cz/detail/?film=The-Inheritance-or-Fuckoffguysgoodday","Uherské Hradiště, Letní kino Masarykovo náměstí"
Trhala fialky dynamitem,30/07/2024,23:59,31/07/2024,1:46,False,"Milan Růžička / ČSFR 1992 / 92 min. / 15 let / DCP
„Hoj, vy dálky širé, dal bych si sójové pyré,“ rozněžňuje se nihilistický básník, zatímco Roman Skamene neúspěšně naskakuje do kabrioletu a Helena Růžičková pěje Prodanou nevěstu u Vítězného oblouku. Návod jak s holým zadkem dobýt Evropu na začátku 90. let zjevně rezonoval.
https://www.csfd.cz/film/8012-trhala-fialky-dynamitem/recenze/
https://www.imdb.com/title/tt0310246/
https://program.lfs.cz/detail/?film=And-She-Picked-Up-Violets-with-Dynamite","Uherské Hradiště, Sportovní hala"
Od marca do mája,27/07/2024,9:15,27/07/2024,10:55,False,"Martin Pavol Repka / Česká republika 2024 / 85 min. / HD file
Pětičlenná slovenská rodina žije ve starém domě na malé vsi docela obyčejným životem. Zatímco děti už pomalu dospívají, rodiče na prahu padesátky přicházejí s nečekanou zprávou – matka je těhotná. Něžný film o lásce mateřské, partnerské i sourozenecké je celovečerním debutem Martina Pavola Repky.
https://program.lfs.cz/detail/?film=March-to-May","Uherské Hradiště, Reduta - Velký sál"
Od marca do mája,30/07/2024,13:00,30/07/2024,15:25,False,"Martin Pavol Repka / Česká republika 2024 / 85 min. / HD file
Pětičlenná slovenská rodina žije ve starém domě na malé vsi docela obyčejným životem. Zatímco děti už pomalu dospívají, rodiče na prahu padesátky přicházejí s nečekanou zprávou – matka je těhotná. Něžný film o lásce mateřské, partnerské i sourozenecké je celovečerním debutem Martina Pavola Repky.
https://program.lfs.cz/detail/?film=March-to-May","Uherské Hradiště, Reduta - Velký sál"
Pečovat je síla (Jak dnes vypadá dobrá péče o seniory),27/07/2024,15:30,27/07/2024,16:00,False,"30 min.
Chcete své stáří přežít nebo prožít? Výstava fotografií ze života profesionálních pečovatelů, kteří se jednoho dne můžou stát vaším nejbližším člověkem.
https://program.lfs.cz/detail/?film=Yes%2c-We-Care-(Current-Forms-of-Quality-Senior-Healthcare)","Uherské Hradiště, Reduta"
Ema a smrtihlav,29/07/2024,13:45,29/07/2024,16:54,False,"Iveta Grófová / Slovensko, Česká republika 2024 / 129 min. / DCP
40. léta. Pohledná maďarská vdova Marika opouští Bratislavu, kde roste rasové napětí, a odchází na venkov. Ve stodole za domem ukrývá malého židovského chlapce, zatímco se o její přízeň ucházejí kapitán Hlinkovy gardy a nacistický důstojník. Lze obstát ve složité době, která lidi staví před složitá rozhodnutí?
https://program.lfs.cz/detail/?film=The-Hungarian-Dressmaker","Uherské Hradiště, Klub kultury - Velký sál"
Cena příběhu,30/07/2024,20:30,30/07/2024,20:47,False,"Lukáš Masner / Česká republika, Grónsko 2024 / 17 min. / DCP
Za inuitským šamanem – angakokem – přichází bohatý český turista s překladatelem. Schůzka je domluvena v místním muzeu, jejím předmětem je legendární setkání angakokova a Čechova předka a cizinec je ochoten za příběh bohatě zaplatit. V Inuitově sugestivním vyprávění ožívá zkazka z období prvních křesťanských misionářů v Grónsku. (FKFP)
https://www.csfd.cz/film/1486005-cena-pribehu/recenze/
https://program.lfs.cz/detail/?film=The-Prize-of-a-Story","Uherské Hradiště, Klub kultury - Velký sál"
Jak se ze starého Hollywoodu stal Nový Hollywood,31/07/2024,15:00,31/07/2024,16:30,False,"90 min.
Starý hollywoodský systém fungoval od 20. až do 60. let 20. století, tedy víc než čtyři dekády. Během „zlatého věku Hollywoodu“ vznikly tisíce filmů a jejich výroba se řídila přesně danými pravidly. Za tu dobu se filmy naučily mluvit, získaly různé barvy, několikrát změnily formát, ale pořád existovaly hlavně proto, aby bavily diváky a dávaly jim zapomenout na všední starosti. V průběhu 60. let se však pohár naplnil a došlo k radikálnímu řezu. Schylovalo se k tomu delší dobu, ale na vkus většiny filmových tvůrců a manažerů to pořád bylo příliš rychle. Diváci se vytráceli za jinými druhy zábavy, a pokud zůstali u filmu, tak dávali najevo, že už mají úplně jiné priority.
https://program.lfs.cz/detail/?film=How-the-Old-Hollywood-Became-a-New-Hollywood","Uherské Hradiště, Klub kultury - Malý sál"
DJ Marie Pravda (Ankali & Planeta Za),31/07/2024,23:30,01/08/2024,4:30,False,"300 min.

https://program.lfs.cz/detail/?film=DJ-Marie-Pravda-(Ankali-%26-Planeta-Za)","Uherské Hradiště, Klub Mír (bar)"
Vězení dějin,27/07/2024,14:00,27/07/2024,16:32,False,"Jan Gogola ml., Matěj Hrudička / Česká republika 2023 / 92 min. / HD file
Dokumentaristé Jan Gogola ml. a Matěj Hrudička vypouštějí na svobodu dějiny dlouho zavřené za mřížemi uherskohradišťské věznice. Na pomoc si berou aktéry rozličných generací i životních zkušeností a spolu s nimi ohledávají areál s pochmurnou minulostí z různých, někdy i nečekaných perspektiv.
https://www.csfd.cz/film/1391776-vezeni-dejin/recenze/
https://www.imdb.com/title/tt29625438/?ref_=fn_al_tt_1
https://program.lfs.cz/detail/?film=The-Prison-of-History","Uherské Hradiště, Reduta - Velký sál"
Zběsilost v srdci,27/07/2024,21:00,27/07/2024,23:20,False,"Wild at Heart / David Lynch / USA 1990 / 125 min. / 15 let / DCP
Lynchovská love-story se vším, co takové označení může znamenat. Zdánlivě banální příběh vyjádřený komplikovanou formou, která snoubí řadu surrealistických prvků s žánrem krimi, roadmovie, hororu a béčkového filmu. V hlavních rolích Nicolas Cage, Laura Dernová, hadí sako, červené tváře, násilí a erotika.
https://www.csfd.cz/film/6261-zbesilost-v-srdci/recenze/
https://www.imdb.com/title/tt0100935/reference
https://program.lfs.cz/detail/?film=Wild-at-Heart","Uherské Hradiště, Klub kultury - Velký sál"
Zběsilost v srdci,30/07/2024,13:30,30/07/2024,15:50,False,"Wild at Heart / David Lynch / USA 1990 / 125 min. / 15 let / DCP
Lynchovská love-story se vším, co takové označení může znamenat. Zdánlivě banální příběh vyjádřený komplikovanou formou, která snoubí řadu surrealistických prvků s žánrem krimi, roadmovie, hororu a béčkového filmu. V hlavních rolích Nicolas Cage, Laura Dernová, hadí sako, červené tváře, násilí a erotika.
https://www.csfd.cz/film/6261-zbesilost-v-srdci/recenze/
https://www.imdb.com/title/tt0100935/reference
https://program.lfs.cz/detail/?film=Wild-at-Heart","Uherské Hradiště, Sportovní hala"
Vlastníci,02/08/2024,23:59,03/08/2024,1:35,False,"Jiří Havelka / Česká republika 2019 / 96 min. / DCP
Filmová prvotina divadelního režiséra a autora Jiřího Havelky rozehrává na půdorysu členské schůze společenství vlastníků bytových jednotek řadu absurdních situací, které trefně reflektují současný stav znesvářené české společnosti. Důvtipná, zábavná, a přitom mrazivá tragikomedie.
https://www.csfd.cz/film/688473-vlastnici/prehled/
https://www.imdb.com/title/tt10583170/?ref_=nm_knf_t_1
https://program.lfs.cz/detail/?film=Owners","Uherské Hradiště, Letní kino Masarykovo náměstí"
Nezdolný,27/07/2024,17:00,27/07/2024,19:05,False,"Aparadžito / Satjadžit Ráj / Indie 1956 / 110 min. / Blu-ray
Na globální úspěch svého debutu Žalozpěv stezky navázal Satjádžit Ráj pokračováním, v němž jsme svědky Apuovy proměny z chlapce v muže. Snímek Nezdolný se sice v Indii nedočkal takového úspěchu jako první díl trilogie, ale zato nečekaně vyhrál hlavní cenu na festivalu v Benátkách.
https://www.csfd.cz/film/130909-nezdolny/recenze/
https://www.imdb.com/title/tt0048956/reference
https://program.lfs.cz/detail/?film=The-Unvanquished","Uherské Hradiště, Reduta - Velký sál"
Nezdolný,30/07/2024,22:00,31/07/2024,0:05,False,"Aparadžito / Satjadžit Ráj / Indie 1956 / 110 min. / Blu-ray
Na globální úspěch svého debutu Žalozpěv stezky navázal Satjádžit Ráj pokračováním, v němž jsme svědky Apuovy proměny z chlapce v muže. Snímek Nezdolný se sice v Indii nedočkal takového úspěchu jako první díl trilogie, ale zato nečekaně vyhrál hlavní cenu na festivalu v Benátkách.
https://www.csfd.cz/film/130909-nezdolny/recenze/
https://www.imdb.com/title/tt0048956/reference
https://program.lfs.cz/detail/?film=The-Unvanquished","Uherské Hradiště, Reduta - Velký sál"
Nicol Hochholczerová: Tenhle pokoj se nedá sníst,30/07/2024,18:15,30/07/2024,19:15,False,"60 min.
Kontroverzní, syrový a strohý, ale zároveň poetický román - to je próza Tenhle pokoj se nedá sníst, která na Slovensku vyvolala poprask.
https://program.lfs.cz/detail/?film=Nicol-Hochholczerov%c3%a1--This-Room-Cannot-Be-Eaten","Uherské Hradiště, Stan literatury/Nové reality"
Drahý synu,27/07/2024,16:15,27/07/2024,18:14,False,"Weldi / Mohamed Ben Attia / Belgie, Francie, Tunisko 2018 / 104 min. / DCP
Pro Riadha představuje jeho devatenáctiletý syn Samin celý život. O to více ho trápí jeho intenzivní migrény a deprese. Když se jednoho dne Samin nevrací domů, Riadh bez váhání prodá auto a podniká náročnou cestu za zmizelým synem, kterého musí za každou cenu dostat zpátky domů. Není však připravený na to, co ho na konci cesty čeká.
https://www.csfd.cz/film/594676-drahy-synu/recenze/
https://www.imdb.com/title/tt7537960/reference
https://program.lfs.cz/detail/?film=Dear-Son","Uherské Hradiště, Sportovní hala"
Mé 20. století,26/07/2024,18:30,26/07/2024,21:12,False,"Az én XX. századom / Ildikó Enyediová / Maďarsko, Kuba, NSR 1989 / 102 min. / DCP
Když jsou dvě sestry v dětství odděleny, jejich životy se začínají rozbíhat opačným směrem. Zatímco jedna se stává kurtizánou, druhá feministickou revolucionářkou. Po mnoha letech se však jejich osudy začínají znovu protínat. V retro futuristickém debutu Ildikó Enyediové exceluje Dorotha Segdaová v herecké trojroli.
https://www.csfd.cz/film/108881-me-20-stoleti/recenze/
https://www.imdb.com/title/tt0096863/reference
https://program.lfs.cz/detail/?film=My-20th-Century","Uherské Hradiště, Kino Hvězda"
Inspirace,31/07/2024,21:30,31/07/2024,21:41,False,"Karel Zeman / Československo 1949 / 11 min. / HD file
Jak najít prchavou inspiraci v kapce deště… Film dedikovaný českým sklářům vznikl ve spolupráci se sklářskou školou v Železném Brodě. Zeman, jak je jeho zvykem, rozpohyboval svět loutek do iluzivního tanečního reje – důležitou složkou snímku je rozmanitá a dynamická hudba Zdeňka Lišky.
https://www.csfd.cz/film/10106-inspirace/prehled/
https://www.imdb.com/title/tt0041510/reference
https://program.lfs.cz/detail/?film=Inspiration","Uherské Hradiště, Letní kino Smetanovy sady"
DJ Wita Sax (Singular Sound System),27/07/2024,22:00,28/07/2024,2:00,False,"240 min.
Členka Singular Sound Systemu, která od roku 2013 hraje po českých a slovenských klubech i festivalech. Její doménou je house, minimal, techno, ale na přání zavítá také do dalších žánrů.
https://program.lfs.cz/detail/?film=DJ-Wita-Sax-(Singular-Sound-System)","Uherské Hradiště, Stan literatury/Nové reality"
Virtuální realita: Horizonty humanity,27/07/2024,10:00,27/07/2024,12:00,False,"120 min.
Průměrný věk člověka na Zemi se v dnešní době pohybuje mezi 69–74 lety. Kolik času zbývá lidstvu jako celku? Hypotézy předních vědeckých institucí se různí – od 7 miliónů po 1,3 miliardy let. Někteří tvrdí, že lidstvo dosáhlo poloviny svého času na Zemi.

Rezervace na jednotlivé filmy probíhají přímo na místě na aktuální a následující den. Každý divák si vybírá filmy, které chce vidět. Délka filmů se pohybuje od 10 do 80 minut a rezervace probíhá na každý film jednotlivě. V průběhu každého dne jsou dvě technické hodinové pauzy (od 12:00 a od 15:00), kdy se nepromítá. Filmy jsou dostupné pouze v anglickém jazyce bez českého překladu.
https://program.lfs.cz/detail/?film=Virtual-Reality--The-Horizons-of-Humanity","Uherské Hradiště, Reduta - Komorní sál"
Virtuální realita: Horizonty humanity,27/07/2024,13:00,27/07/2024,15:00,False,"120 min.
Průměrný věk člověka na Zemi se v dnešní době pohybuje mezi 69–74 lety. Kolik času zbývá lidstvu jako celku? Hypotézy předních vědeckých institucí se různí – od 7 miliónů po 1,3 miliardy let. Někteří tvrdí, že lidstvo dosáhlo poloviny svého času na Zemi.

Rezervace na jednotlivé filmy probíhají přímo na místě na aktuální a následující den. Každý divák si vybírá filmy, které chce vidět. Délka filmů se pohybuje od 10 do 80 minut a rezervace probíhá na každý film jednotlivě. V průběhu každého dne jsou dvě technické hodinové pauzy (od 12:00 a od 15:00), kdy se nepromítá. Filmy jsou dostupné pouze v anglickém jazyce bez českého překladu.
https://program.lfs.cz/detail/?film=Virtual-Reality--The-Horizons-of-Humanity","Uherské Hradiště, Reduta - Komorní sál"
Virtuální realita: Horizonty humanity,27/07/2024,16:00,27/07/2024,18:00,False,"120 min.
Průměrný věk člověka na Zemi se v dnešní době pohybuje mezi 69–74 lety. Kolik času zbývá lidstvu jako celku? Hypotézy předních vědeckých institucí se různí – od 7 miliónů po 1,3 miliardy let. Někteří tvrdí, že lidstvo dosáhlo poloviny svého času na Zemi.

Rezervace na jednotlivé filmy probíhají přímo na místě na aktuální a následující den. Každý divák si vybírá filmy, které chce vidět. Délka filmů se pohybuje od 10 do 80 minut a rezervace probíhá na každý film jednotlivě. V průběhu každého dne jsou dvě technické hodinové pauzy (od 12:00 a od 15:00), kdy se nepromítá. Filmy jsou dostupné pouze v anglickém jazyce bez českého překladu.
https://program.lfs.cz/detail/?film=Virtual-Reality--The-Horizons-of-Humanity","Uherské Hradiště, Reduta - Komorní sál"
Virtuální realita: Horizonty humanity,28/07/2024,10:00,28/07/2024,12:00,False,"120 min.
Průměrný věk člověka na Zemi se v dnešní době pohybuje mezi 69–74 lety. Kolik času zbývá lidstvu jako celku? Hypotézy předních vědeckých institucí se různí – od 7 miliónů po 1,3 miliardy let. Někteří tvrdí, že lidstvo dosáhlo poloviny svého času na Zemi.

Rezervace na jednotlivé filmy probíhají přímo na místě na aktuální a následující den. Každý divák si vybírá filmy, které chce vidět. Délka filmů se pohybuje od 10 do 80 minut a rezervace probíhá na každý film jednotlivě. V průběhu každého dne jsou dvě technické hodinové pauzy (od 12:00 a od 15:00), kdy se nepromítá. Filmy jsou dostupné pouze v anglickém jazyce bez českého překladu.
https://program.lfs.cz/detail/?film=Virtual-Reality--The-Horizons-of-Humanity","Uherské Hradiště, Reduta - Komorní sál"
Virtuální realita: Horizonty humanity,28/07/2024,13:00,28/07/2024,15:00,False,"120 min.
Průměrný věk člověka na Zemi se v dnešní době pohybuje mezi 69–74 lety. Kolik času zbývá lidstvu jako celku? Hypotézy předních vědeckých institucí se různí – od 7 miliónů po 1,3 miliardy let. Někteří tvrdí, že lidstvo dosáhlo poloviny svého času na Zemi.

Rezervace na jednotlivé filmy probíhají přímo na místě na aktuální a následující den. Každý divák si vybírá filmy, které chce vidět. Délka filmů se pohybuje od 10 do 80 minut a rezervace probíhá na každý film jednotlivě. V průběhu každého dne jsou dvě technické hodinové pauzy (od 12:00 a od 15:00), kdy se nepromítá. Filmy jsou dostupné pouze v anglickém jazyce bez českého překladu.
https://program.lfs.cz/detail/?film=Virtual-Reality--The-Horizons-of-Humanity","Uherské Hradiště, Reduta - Komorní sál"
Virtuální realita: Horizonty humanity,28/07/2024,16:00,28/07/2024,18:00,False,"120 min.
Průměrný věk člověka na Zemi se v dnešní době pohybuje mezi 69–74 lety. Kolik času zbývá lidstvu jako celku? Hypotézy předních vědeckých institucí se různí – od 7 miliónů po 1,3 miliardy let. Někteří tvrdí, že lidstvo dosáhlo poloviny svého času na Zemi.

Rezervace na jednotlivé filmy probíhají přímo na místě na aktuální a následující den. Každý divák si vybírá filmy, které chce vidět. Délka filmů se pohybuje od 10 do 80 minut a rezervace probíhá na každý film jednotlivě. V průběhu každého dne jsou dvě technické hodinové pauzy (od 12:00 a od 15:00), kdy se nepromítá. Filmy jsou dostupné pouze v anglickém jazyce bez českého překladu.
https://program.lfs.cz/detail/?film=Virtual-Reality--The-Horizons-of-Humanity","Uherské Hradiště, Reduta - Komorní sál"
Virtuální realita: Horizonty humanity,29/07/2024,10:00,29/07/2024,12:00,False,"120 min.
Průměrný věk člověka na Zemi se v dnešní době pohybuje mezi 69–74 lety. Kolik času zbývá lidstvu jako celku? Hypotézy předních vědeckých institucí se různí – od 7 miliónů po 1,3 miliardy let. Někteří tvrdí, že lidstvo dosáhlo poloviny svého času na Zemi.

Rezervace na jednotlivé filmy probíhají přímo na místě na aktuální a následující den. Každý divák si vybírá filmy, které chce vidět. Délka filmů se pohybuje od 10 do 80 minut a rezervace probíhá na každý film jednotlivě. V průběhu každého dne jsou dvě technické hodinové pauzy (od 12:00 a od 15:00), kdy se nepromítá. Filmy jsou dostupné pouze v anglickém jazyce bez českého překladu.
https://program.lfs.cz/detail/?film=Virtual-Reality--The-Horizons-of-Humanity","Uherské Hradiště, Reduta - Komorní sál"
Virtuální realita: Horizonty humanity,29/07/2024,13:00,29/07/2024,15:00,False,"120 min.
Průměrný věk člověka na Zemi se v dnešní době pohybuje mezi 69–74 lety. Kolik času zbývá lidstvu jako celku? Hypotézy předních vědeckých institucí se různí – od 7 miliónů po 1,3 miliardy let. Někteří tvrdí, že lidstvo dosáhlo poloviny svého času na Zemi.

Rezervace na jednotlivé filmy probíhají přímo na místě na aktuální a následující den. Každý divák si vybírá filmy, které chce vidět. Délka filmů se pohybuje od 10 do 80 minut a rezervace probíhá na každý film jednotlivě. V průběhu každého dne jsou dvě technické hodinové pauzy (od 12:00 a od 15:00), kdy se nepromítá. Filmy jsou dostupné pouze v anglickém jazyce bez českého překladu.
https://program.lfs.cz/detail/?film=Virtual-Reality--The-Horizons-of-Humanity","Uherské Hradiště, Reduta - Komorní sál"
Virtuální realita: Horizonty humanity,29/07/2024,16:00,29/07/2024,18:00,False,"120 min.
Průměrný věk člověka na Zemi se v dnešní době pohybuje mezi 69–74 lety. Kolik času zbývá lidstvu jako celku? Hypotézy předních vědeckých institucí se různí – od 7 miliónů po 1,3 miliardy let. Někteří tvrdí, že lidstvo dosáhlo poloviny svého času na Zemi.

Rezervace na jednotlivé filmy probíhají přímo na místě na aktuální a následující den. Každý divák si vybírá filmy, které chce vidět. Délka filmů se pohybuje od 10 do 80 minut a rezervace probíhá na každý film jednotlivě. V průběhu každého dne jsou dvě technické hodinové pauzy (od 12:00 a od 15:00), kdy se nepromítá. Filmy jsou dostupné pouze v anglickém jazyce bez českého překladu.
https://program.lfs.cz/detail/?film=Virtual-Reality--The-Horizons-of-Humanity","Uherské Hradiště, Reduta - Komorní sál"
Virtuální realita: Horizonty humanity,30/07/2024,10:00,30/07/2024,12:00,False,"120 min.
Průměrný věk člověka na Zemi se v dnešní době pohybuje mezi 69–74 lety. Kolik času zbývá lidstvu jako celku? Hypotézy předních vědeckých institucí se různí – od 7 miliónů po 1,3 miliardy let. Někteří tvrdí, že lidstvo dosáhlo poloviny svého času na Zemi.

Rezervace na jednotlivé filmy probíhají přímo na místě na aktuální a následující den. Každý divák si vybírá filmy, které chce vidět. Délka filmů se pohybuje od 10 do 80 minut a rezervace probíhá na každý film jednotlivě. V průběhu každého dne jsou dvě technické hodinové pauzy (od 12:00 a od 15:00), kdy se nepromítá. Filmy jsou dostupné pouze v anglickém jazyce bez českého překladu.
https://program.lfs.cz/detail/?film=Virtual-Reality--The-Horizons-of-Humanity","Uherské Hradiště, Reduta - Komorní sál"
Virtuální realita: Horizonty humanity,30/07/2024,13:00,30/07/2024,15:00,False,"120 min.
Průměrný věk člověka na Zemi se v dnešní době pohybuje mezi 69–74 lety. Kolik času zbývá lidstvu jako celku? Hypotézy předních vědeckých institucí se různí – od 7 miliónů po 1,3 miliardy let. Někteří tvrdí, že lidstvo dosáhlo poloviny svého času na Zemi.

Rezervace na jednotlivé filmy probíhají přímo na místě na aktuální a následující den. Každý divák si vybírá filmy, které chce vidět. Délka filmů se pohybuje od 10 do 80 minut a rezervace probíhá na každý film jednotlivě. V průběhu každého dne jsou dvě technické hodinové pauzy (od 12:00 a od 15:00), kdy se nepromítá. Filmy jsou dostupné pouze v anglickém jazyce bez českého překladu.
https://program.lfs.cz/detail/?film=Virtual-Reality--The-Horizons-of-Humanity","Uherské Hradiště, Reduta - Komorní sál"
Virtuální realita: Horizonty humanity,30/07/2024,16:00,30/07/2024,18:00,False,"120 min.
Průměrný věk člověka na Zemi se v dnešní době pohybuje mezi 69–74 lety. Kolik času zbývá lidstvu jako celku? Hypotézy předních vědeckých institucí se různí – od 7 miliónů po 1,3 miliardy let. Někteří tvrdí, že lidstvo dosáhlo poloviny svého času na Zemi.

Rezervace na jednotlivé filmy probíhají přímo na místě na aktuální a následující den. Každý divák si vybírá filmy, které chce vidět. Délka filmů se pohybuje od 10 do 80 minut a rezervace probíhá na každý film jednotlivě. V průběhu každého dne jsou dvě technické hodinové pauzy (od 12:00 a od 15:00), kdy se nepromítá. Filmy jsou dostupné pouze v anglickém jazyce bez českého překladu.
https://program.lfs.cz/detail/?film=Virtual-Reality--The-Horizons-of-Humanity","Uherské Hradiště, Reduta - Komorní sál"
Virtuální realita: Horizonty humanity,31/07/2024,10:00,31/07/2024,12:00,False,"120 min.
Průměrný věk člověka na Zemi se v dnešní době pohybuje mezi 69–74 lety. Kolik času zbývá lidstvu jako celku? Hypotézy předních vědeckých institucí se různí – od 7 miliónů po 1,3 miliardy let. Někteří tvrdí, že lidstvo dosáhlo poloviny svého času na Zemi.

Rezervace na jednotlivé filmy probíhají přímo na místě na aktuální a následující den. Každý divák si vybírá filmy, které chce vidět. Délka filmů se pohybuje od 10 do 80 minut a rezervace probíhá na každý film jednotlivě. V průběhu každého dne jsou dvě technické hodinové pauzy (od 12:00 a od 15:00), kdy se nepromítá. Filmy jsou dostupné pouze v anglickém jazyce bez českého překladu.
https://program.lfs.cz/detail/?film=Virtual-Reality--The-Horizons-of-Humanity","Uherské Hradiště, Reduta - Komorní sál"
Virtuální realita: Horizonty humanity,31/07/2024,13:00,31/07/2024,15:00,False,"120 min.
Průměrný věk člověka na Zemi se v dnešní době pohybuje mezi 69–74 lety. Kolik času zbývá lidstvu jako celku? Hypotézy předních vědeckých institucí se různí – od 7 miliónů po 1,3 miliardy let. Někteří tvrdí, že lidstvo dosáhlo poloviny svého času na Zemi.

Rezervace na jednotlivé filmy probíhají přímo na místě na aktuální a následující den. Každý divák si vybírá filmy, které chce vidět. Délka filmů se pohybuje od 10 do 80 minut a rezervace probíhá na každý film jednotlivě. V průběhu každého dne jsou dvě technické hodinové pauzy (od 12:00 a od 15:00), kdy se nepromítá. Filmy jsou dostupné pouze v anglickém jazyce bez českého překladu.
https://program.lfs.cz/detail/?film=Virtual-Reality--The-Horizons-of-Humanity","Uherské Hradiště, Reduta - Komorní sál"
Virtuální realita: Horizonty humanity,31/07/2024,16:00,31/07/2024,18:00,False,"120 min.
Průměrný věk člověka na Zemi se v dnešní době pohybuje mezi 69–74 lety. Kolik času zbývá lidstvu jako celku? Hypotézy předních vědeckých institucí se různí – od 7 miliónů po 1,3 miliardy let. Někteří tvrdí, že lidstvo dosáhlo poloviny svého času na Zemi.

Rezervace na jednotlivé filmy probíhají přímo na místě na aktuální a následující den. Každý divák si vybírá filmy, které chce vidět. Délka filmů se pohybuje od 10 do 80 minut a rezervace probíhá na každý film jednotlivě. V průběhu každého dne jsou dvě technické hodinové pauzy (od 12:00 a od 15:00), kdy se nepromítá. Filmy jsou dostupné pouze v anglickém jazyce bez českého překladu.
https://program.lfs.cz/detail/?film=Virtual-Reality--The-Horizons-of-Humanity","Uherské Hradiště, Reduta - Komorní sál"
Kouzelný svět Karla Zemana,27/07/2024,21:30,27/07/2024,21:45,False,"Zdeněk Rozkopal / ČSSR 1962 / 15 min. / HD file

https://www.csfd.cz/film/288047-kouzelny-svet-karla-zemana/recenze/
https://program.lfs.cz/detail/?film=The-Magic-World-of-Karel-Zeman","Uherské Hradiště, Letní kino Smetanovy sady"
Pracující třída jde do pekel,26/07/2024,22:00,27/07/2024,0:22,False,"Radnička klasa ide u pakao / Mladen Djordjević / Srbsko, Řecko, Bulharsko, Černá hora, Chorvatsko, Rumunsko 2023 / 127 min. / 15 let / DCP
Nekompromisní, imaginativní a progresivní filmový tvar srbského režiséra Mladena Djordjeviće vykresluje satanistický kult a neustále boří očekávání. Na povrch vystupuje odraz zdevastované srbské společnosti v provokativním fikčním světě s obrácenými hodnotami, který nejde po srsti a hledí do temnoty.
https://www.csfd.cz/hledat/?q=Working+Class+Goes+to+Hell
https://www.imdb.com/title/tt11678912/?ref_=fn_al_tt_1
https://program.lfs.cz/detail/?film=Working-Class-Goes-to-Hell","Uherské Hradiště, Orlovna"
Pracující třída jde do pekel,30/07/2024,20:00,30/07/2024,22:22,False,"Radnička klasa ide u pakao / Mladen Djordjević / Srbsko, Řecko, Bulharsko, Černá hora, Chorvatsko, Rumunsko 2023 / 127 min. / 15 let / DCP
Nekompromisní, imaginativní a progresivní filmový tvar srbského režiséra Mladena Djordjeviće vykresluje satanistický kult a neustále boří očekávání. Na povrch vystupuje odraz zdevastované srbské společnosti v provokativním fikčním světě s obrácenými hodnotami, který nejde po srsti a hledí do temnoty.
https://www.csfd.cz/hledat/?q=Working+Class+Goes+to+Hell
https://www.imdb.com/title/tt11678912/?ref_=fn_al_tt_1
https://program.lfs.cz/detail/?film=Working-Class-Goes-to-Hell","Uherské Hradiště, Sportovní hala"
IRMF uvádí: Na cestě: Francie - Sahara - Kazachstán,30/07/2024,21:00,30/07/2024,22:00,False,"Kazachstán, Francie / 60 min.
Dva neobyčejné cestovatelské zážitky odlišné dobou i lokalitou, ale spojené touhou po poznání neznámých světů. Pohled do kazašské stepi a pouště plné divokých koní dokumentující tisícikilometrovou cestu touto rozlehlou zemí nomádů. A pak je tu snímek, odehrávající se v rozpáleném písku africké Sahary, kde skrze deníkové zápisky mladé Francouzky prožíváme dobrodružnou cestu plnou emancipace a sebeobjevování. Oba snímky nezapomenutelným způsobem vystihují kouzlo i úskalí cestování do vzdálených a exotických koutů světa — ať už s cílem poznat neznámé, nebo nalézt sám sebe.
https://program.lfs.cz/detail/?film=IRMF-Presents---On-The-Road--France---Sahara---Kazakhstan","Uherské Hradiště, Respekt stan"
Samotáři,31/07/2024,22:00,31/07/2024,23:43,False,"David Ondříček / Česká republika, Slovinsko 2000 / 103 min. / DCP
Sedm mladých lidí se snaží najít cestu životem. Jejich osudy splývají a rozdělují se jako bubliny v lávové lampě. Kultovní tragikomedie Samotáři z přelomu tisíciletí, která se už dávno zabydlela v české popkultuře, je společným dílem scenáristy Petra Zelenky a režiséra Davida Ondříčka.
https://www.csfd.cz/film/7064-samotari/prehled/
https://www.imdb.com/title/tt0219288/?ref_=nm_knf_c_4
https://program.lfs.cz/detail/?film=Loners","Uherské Hradiště, Letní kino Masarykovo náměstí"
Workshop: Střihově hudební remix - vyzvi němý film k tanci!,29/07/2024,16:00,29/07/2024,18:00,False,"120 min.

https://program.lfs.cz/detail/?film=Workshop--Music-Video-Editing-%e2%80%93-Teaching-Silent-Film-to-Dance","Uherské Hradiště, HUB 123"
Pochodem vchod aneb Zastavit stát,28/07/2024,19:00,28/07/2024,21:20,False,"Jiří Suchý / Česká republika 2021 / 80 min. / HD file
Když musel Jiří Suchý pro (světovou) nemoc zavřít divadlo a hleděl vstříc nejisté budoucnosti, zahleděl se do minulosti. Částečně té národní, ale podané z ryze osobního vypravěčského úhlu člověka, který – ač skrznaskrz pacifista – obléká uniformy celý život, v kasárnách, na jevišti i před kamerou.
https://program.lfs.cz/detail/?film=Forward-March-or-Halt","Uherské Hradiště, Kino Hvězda"
Pochodem vchod aneb Zastavit stát,30/07/2024,12:30,30/07/2024,14:05,False,"Jiří Suchý / Česká republika 2021 / 80 min. / HD file
Když musel Jiří Suchý pro (světovou) nemoc zavřít divadlo a hleděl vstříc nejisté budoucnosti, zahleděl se do minulosti. Částečně té národní, ale podané z ryze osobního vypravěčského úhlu člověka, který – ač skrznaskrz pacifista – obléká uniformy celý život, v kasárnách, na jevišti i před kamerou.
https://program.lfs.cz/detail/?film=Forward-March-or-Halt","Uherské Hradiště, Kino Mír"
HOT TV: Skutečné zločiny… konstruovaná realita?,28/07/2024,16:00,28/07/2024,17:30,False,"90 min.
Jelikož se true crime věnuje skutečným událostem a skutečným lidem, máme dojem, že to, co je nám předkládáno, představuje objektivní realitu. Tato realita je ale nějakým způsobem vytvořená. Žánr true crime bývá, možná překvapivě, definován převyprávěním a subjektivní interpretací skutečných událostí. Jak se potkává očekávání diváků s možnostmi TV produkce a strukturou žánru? K hostům a hostkám panelu patří mediální teoretička Anna Rufer Bílá z Univerzity Palackého, dokumentaristka a kreativní producentka Erika Hníková (Sólomámy, Virtuální přítelkyně), producent Michal Prokeš (Studna), scenárista Miro Šifra (Rédl, Zrádci, Studna) a producentka Dagmar Sedláčková (Pohřešovaná, Kauza Kramný).
https://program.lfs.cz/detail/?film=HOT-TV--True-Crime%e2%80%a6-A-Fabricated-Reality%3f","Uherské Hradiště, LFŠ stan"
Jak poslední dva válečné roky proměnily naše polské a maďarské sousedy?,30/07/2024,18:00,30/07/2024,19:30,False,"90 min.
Debatu o podobě střední Evropy vede Tomáš Brolík z Respektu.
https://program.lfs.cz/detail/?film=How-Did-the-Last-Two-Years-of-War-Transformed-Our-Polish-and-Hungarian-Neighbours%3f","Uherské Hradiště, Respekt stan"
Barry McKenzie drží hladinu,31/07/2024,23:59,01/08/2024,1:47,False,"Barry McKenzie Holds His Own / Bruce Beresford / Austrálie 1974 / 93 min. / 15 let / DCP
Předchůdce Krokodýla Dundeeho a esence toho nejhoršího z největší trestanecké kolonie známé též jako Austrálie. Titulní Barry McKenzie se z rodného ostrova dostane až do Evropy a v každé zemi tropí skandály prostřednictvím zesměšňování stereotypů.
https://www.csfd.cz/film/42893-barry-mckenzie-holds-his-own/recenze/
https://www.imdb.com/title/tt0071196/reference
https://program.lfs.cz/detail/?film=Barry-McKenzie-Holds-His-Own","Uherské Hradiště, Sportovní hala"
AI a film: Krásný nový svět nebo apokalypsa?,29/07/2024,12:00,29/07/2024,13:30,False,"90 min.
Hollywoodští herci a scenáristé kvůli ní nedávno historicky stávkovali, festival v Torontu jí věnoval polovinu programu pro industry a Scarlett Johanssonová se na ni hodně zlobí – umělá inteligence je tématem číslo jedna filmového průmyslu. Co všechno ve filmu umí? Kde všude je nebo bude? Co nabízí a co naopak bere? Je důvod slavit větší efektivitu a nedozírné možnosti nebo se naopak bát nedozírných následků?
https://program.lfs.cz/detail/?film=AI-%26-Film--A-Brave-New-Or-The-Apocalypse%3f","Uherské Hradiště, Respekt stan"
Učená pře aneb Můj pohlavní život,27/07/2024,12:00,27/07/2024,15:58,False,"Comment je me suis disputé... (ma vie sexuelle) / Arnaud Desplechin / Francie 1996 / 178 min. / 15 let / DCP
Je mu 29 let. Je asistentem profesora filozofie na pařížské univerzitě, ale chce žít životem skutečného muže. Co na tom, že žije se svým bratrancem Bobem a má přítelkyni Esther. Chce změnu. A možná hledá tebe. Pojď strávit tři hodiny v přítomnosti Paula Dédala. Třeba tě v téhle tragikomické romanci přesvědčí, že je pro tebe tím pravým.
https://www.csfd.cz/film/116393-ucena-pre-aneb-muj-pohlavni-zivot/recenze/
https://www.imdb.com/title/tt0115928/reference
https://program.lfs.cz/detail/?film=My-Sex-Life-or-How-I-Got-Into-an-Argument","Uherské Hradiště, Slovácké divadlo"
"Známá, neznámá Chantal Akermanová",31/07/2024,17:30,31/07/2024,19:00,False,"90 min.
Chantal Akermanová bývá popisována jako autorka osobních filmů, v nichž okrajové estetice avantgardní kinematografie dodávala humanistický rozměr a prozkoumávala témata ženství, židovství nebo vykořenění. Její tvorbu vystihuje všímavost k přehlíženým činnostem a momentům čekání, mezičasům a meziprostorům, které běžně ve filmech nevídáme. Je to ale dostatečně výstižný popis? Přednáška se zamyslí nad tím, jak můžeme různorodou filmografii Akermanové uchopit celistvěji a vsadit do ní i jindy opomíjené romantické komedie či televizní dokumenty. A nahlédne režisérčinu tvorbu na pozadí dobových filmově-průmyslových podmínek a šířeji sdílených výrazových prostředků.
https://program.lfs.cz/detail/?film=Famous-Unknowns--Chantal-Akerman","Uherské Hradiště, Klub kultury - Malý sál"
Fridrik Thór Fridriksson uvádí: Barva granátového jablka,31/07/2024,16:30,31/07/2024,18:04,False,"Sayat Nova / Sergej Paradžanov / SSSR 1969 / 79 min. / Blu-ray
Jedno z mistrovských děl světové kinematografie. Místo tradičního biografického vyprávění o arménském básníkovi zvolil Paradžanov silně stylizovaný přístup s důrazem na vizuálně bohatou dramaturgii barev, kostýmů a rekvizit. Každý záběr ve filmu je pečlivě komponován a jeví se být samostatným uměleckým dílem.
https://www.csfd.cz/film/155412-barva-granatoveho-jablka/recenze/
https://www.imdb.com/title/tt0063555/?ref_=ttrel_ov
https://program.lfs.cz/detail/?film=Fridrik-Th%c3%b3r-Fridriksson-Presents--The-Color-of-Pomegranates","Uherské Hradiště, Orlovna"
Vynález zkázy,26/07/2024,23:30,27/07/2024,1:06,False,"Karel Zeman / Československo 1958 / 81 min. / HD file
Po fenomenálním úspěchu Cesty do pravěku se Karel Zeman naplno oddá svému dávnému snu – rozpohybovat nesmrtelné ilustrace doprovázející jeho milované verneovky. A tak se skutečně stalo – svět dávných klukovských snů o létajících strojích a tisících mil pod hladinou moře jeho rukou obživl jako nikdy dřív.
https://www.csfd.cz/film/10125-vynalez-zkazy/prehled/
https://www.imdb.com/title/tt0052374/?ref_=fn_al_tt_1
https://program.lfs.cz/detail/?film=The-Deadly-Invention","Uherské Hradiště, Letní kino Smetanovy sady"
Vynález zkázy,29/07/2024,18:00,29/07/2024,19:36,False,"Karel Zeman / Československo 1958 / 81 min. / HD file
Po fenomenálním úspěchu Cesty do pravěku se Karel Zeman naplno oddá svému dávnému snu – rozpohybovat nesmrtelné ilustrace doprovázející jeho milované verneovky. A tak se skutečně stalo – svět dávných klukovských snů o létajících strojích a tisících mil pod hladinou moře jeho rukou obživl jako nikdy dřív.
https://www.csfd.cz/film/10125-vynalez-zkazy/prehled/
https://www.imdb.com/title/tt0052374/?ref_=fn_al_tt_1
https://program.lfs.cz/detail/?film=The-Deadly-Invention","Uherské Hradiště, Kino Mír"
Účastníci zájezdu,01/08/2024,22:00,01/08/2024,23:53,False,"Jiří Vejdělek / Česká republika 2006 / 113 min. / DCP
V přepisu románu Michala Viewegha vyráží na pobytový zájezd k moři nesourodá skupina rekreantů různého věku, sociálního postavení i sexuální orientace. Na jadranských plážích a v hotelových pokojích se záhy začnou odhalovat povahy Čecháčků, kteří si do kufrů přibalili i všechny své problémy.
https://www.csfd.cz/film/220720-ucastnici-zajezdu/prehled/
https://www.imdb.com/title/tt0795488/?ref_=nm_knf_t_3
https://program.lfs.cz/detail/?film=Holiday-Makers","Uherské Hradiště, Letní kino Masarykovo náměstí"
"Já, ty, on, ona",28/07/2024,10:00,28/07/2024,11:42,False,"Je tu il elle / Chantal Akermanová / Belgie 1974 / 87 min. / DCP
Křehký snímek, postupující od dobrovolné izolace k milostnému splynutí, je klasikou lesbické kinematografie. Nezakládá si na identitárním ani estetickém purismu a něžně přes sebe vrství rovinu autorství, perfomance a queer ženství. Jako by Akermanová prostupovala každým osobním zájmenem a coulem svého nezařaditelného debutu.
https://www.csfd.cz/film/48832-ja-ty-on-ona/prehled/
https://www.imdb.com/title/tt0071690/reference
https://program.lfs.cz/detail/?film=I%2c-You%2c-He%2c-She","Uherské Hradiště, Orlovna"
Vězení dějin (diskuze),29/07/2024,14:00,29/07/2024,15:30,False,"90 min.
Věznice v Uherském Hradišti se brzy promění, v části bude zřízené muzeum. Proměnu památky už několik let zachycuje dokumentarista Jan Gogola ml., se kterým si o ní budeme povídat.
https://program.lfs.cz/detail/?film=The-Prison-of-History-(discussion)","Uherské Hradiště, Respekt stan"
Baron Prášil,27/07/2024,21:30,27/07/2024,23:05,False,"Karel Zeman / ČSSR 1961 / 80 min. / HD file
Svými předchozími filmy si Karel Zeman získal celosvětový věhlas, což výrazně posílilo jeho pozici v československém filmovém průmyslu. Rozpočet jeho nového projektu, volné adaptace příhod legendárního barona Prášila, se nakonec vyšplhal až na astronomických 6,6 miliónu korun.
https://www.csfd.cz/film/10099-baron-prasil/prehled/
https://www.imdb.com/title/tt0054665/?ref_=fn_al_tt_1
https://program.lfs.cz/detail/?film=Baron-M%c5%b1nchhausen","Uherské Hradiště, Letní kino Smetanovy sady"
Vladislav Galgonek: Překážková dráha (Fotografie z let 1973-1989),29/07/2024,17:00,29/07/2024,17:30,False,"30 min.
Jeho fotografie papeže Jana Pavla II. ze Svatého Kopečku obletěla bez nadsázky celý svět, fotil ale také japonského císaře Akihita či mladého nadějného tenistu Ivana Lendla.
https://program.lfs.cz/detail/?film=Vladislav-Galgonek--A-Hurdle-Race-(Photos-from-1973%e2%80%931989)","Uherské Hradiště, Klub kultury – Galerie Vladimíra Hrocha"
CinEd: Srbenka,29/07/2024,16:00,29/07/2024,17:27,False,"Nebojša Slijepčević / Chorvatsko 2018 / 72 min. / HD file
Oceňovaný chorvatský divadelní režisér Oliver Frljić rád vyvolává rozruch. Jeho hry reagují na historické, geografické a politické události. Srbenka zachycuje proces vzniku jedné z jeho divadelních her, vykresluje trauma srbské menšiny, chorvatské nacionalistické nálady, kombinuje současný život se vzpomínkami na válku a její traumata.
https://www.csfd.cz/film/645928-srbenka/prehled/
https://www.imdb.com/title/tt7385124/reference
https://program.lfs.cz/detail/?film=CinEd--Srbenka","Uherské Hradiště, Reduta - Velký sál"
"Kdo, když ne... Zdeněk Liška",28/07/2024,14:00,28/07/2024,15:30,False,"90 min.
Diskusní panel s renomovanými hudebními a filmovými historiky, teoretiky a publicisty si klade za cíl nahlédnout osobnost a dílo Zdeňka Lišky ze současné perspektivy a nabídnout celistvou reflexi vývoje jeho tvorby a autorské osobnosti. Vzhledem k tomu, že Liškovo rozsahem monumentální dílo stále postrádá monografii, jež by se pokusila jeho tvůrčí odkaz jakkoliv postihnout, jde o další z jedinečných událostí, kterou letošní LFŠ svým divákům nabízí. Moderuje Aleš Říman.
https://program.lfs.cz/detail/?film=Who-If-Not%e2%80%a6-Zden%c4%9bk-Li%c5%a1ka","Uherské Hradiště, LFŠ stan"
25 km/h,26/07/2024,12:30,26/07/2024,14:41,False,"Markus Goller / Německo 2018 / 116 min. / HD file
Dva bratři na mopedu dohánějí rychlostí 25 km/h ztracené sny, lásky a radosti v neodolatelné letní buddy road movie. Německý divácký hit s Larsem Eidingerem v hlavní roli se loni zalíbil i publiku Filmovky a stal se třetím vítězem sekce LFŠ uvádí.
https://www.csfd.cz/film/655883-25-km-h/recenze/
https://www.imdb.com/title/tt7225386/reference
https://program.lfs.cz/detail/?film=25-km%2fh","Uherské Hradiště, Kino Mír"
25 km/h,28/07/2024,18:00,28/07/2024,20:11,False,"Markus Goller / Německo 2018 / 116 min. / HD file
Dva bratři na mopedu dohánějí rychlostí 25 km/h ztracené sny, lásky a radosti v neodolatelné letní buddy road movie. Německý divácký hit s Larsem Eidingerem v hlavní roli se loni zalíbil i publiku Filmovky a stal se třetím vítězem sekce LFŠ uvádí.
https://www.csfd.cz/film/655883-25-km-h/recenze/
https://www.imdb.com/title/tt7225386/reference
https://program.lfs.cz/detail/?film=25-km%2fh","Uherské Hradiště, Kino Mír"
Kateřina Lišková: Sex a věda v komunistickém Československu,28/07/2024,17:15,28/07/2024,18:15,False,"60 min.
Historie někdy postupuje pozpátku. Sexuální revoluci si běžně spojujeme s šedesátými lety a Západem. V oblasti sexu však bylo jednou z nejprogresivnějších zemí po druhé světové válce komunistické Československo.
https://program.lfs.cz/detail/?film=Kate%c5%99ina-Li%c5%a1kov%c3%a1--Sex-and-Science-in-Communist-Czechoslovakia","Uherské Hradiště, Stan literatury/Nové reality"
Pozdní sběr,26/07/2024,19:00,27/07/2024,0:00,False,"300 min.

https://program.lfs.cz/detail/?film=Pozdn%c3%ad-Sb%c4%9br-Dulcimer-Band","Uherské Hradiště, Cimbál stage"
Zprávy z domova,28/07/2024,20:00,28/07/2024,21:45,False,"News from Home / Chantal Akermanová / Belgie, Francie 1976 / 90 min. / DCP
Žánr velkoměstské symfonie pojala Akermanová jak jinak než osobitě. Bloudění dopravními tepnami anonymního, a přesto ohromujícího New Yorku dala do kontrastu s předčítáním vřelých, někdy až úzkostlivě ustaraných dopisů od své matky. Se subtilností sobě vlastní tak vystihla paradoxy rodičovské lásky i moderního odcizení.
https://www.csfd.cz/film/48839-news-from-home/recenze/
https://www.imdb.com/title/tt0076452/?ref_=nm_flmg_t_43_dr
https://program.lfs.cz/detail/?film=News-from-Home","Uherské Hradiště, Orlovna"
Československá televizní tvorba v 60. letech,27/07/2024,10:00,27/07/2024,11:00,False,"60 min.
V průběhu padesátých let se postupně rozšiřoval počet dnů a hodin televizního vysílání a již koncem roku 1958 televize vysílala sedm dní v týdnu. Získala první záznamové zařízení telerecording, později Ampex a mohla pořady zaznamenávat a reprízovat. V roce 1961 dosáhl počet koncesionářů milionu a další milion přibyl během následujících čtyř let. To všechno zpětně vypovídá o atraktivitě, kterou začal televizní program pro diváky mít v šedesátých letech i následujících dekádách.
https://program.lfs.cz/detail/?film=Czechoslovak-Television-Production-in-the-1960s","Uherské Hradiště, Stan ČT"
My Street Films uvádí: My Insta Films,30/07/2024,10:00,30/07/2024,12:00,False,"120 min.

https://program.lfs.cz/detail/?film=My-Street-Films-Presents--My-Insta-Films","Uherské Hradiště, HUB 123"
Miloval jsem svou ženu,29/07/2024,12:30,29/07/2024,16:19,False,"A feleségem története / Ildikó Enyediová / Maďarsko, Francie, Německo, Itálie 2021 / 169 min. / DCP
Zkušený kapitán nákladní lodi Jakob Störr se vsadí, že se ožení s první ženou, která vejde do dveří. Sázka se zřejmě vyplatila. Do života mu přichází půvabná Lizzy, s níž začíná budovat milostný vztah. Pohádkový příběh se však brzy začíná zamotávat do bludiště nejednoznačných vztahů, nad nimiž Jakob přestává mít kontrolu – skoro jako by se ocital na rozbouřeném moři.
https://www.csfd.cz/film/811335-miloval-jsem-svou-zenu/recenze/
https://www.imdb.com/title/tt8205028/reference
https://program.lfs.cz/detail/?film=The-Story-of-My-Wife","Uherské Hradiště, Slovácké divadlo"
TeleRevize 2.0: Pub kvíz,28/07/2024,14:00,28/07/2024,15:00,False,"60 min.
Máte rádi AZ-kvíz a Nemocnici na kraji města? Anebo se jen chcete procvičit ve znalosti toho nejbizarnějšího, co vytvořila Česká televize? Tak či onak, přijďte se zúčastnit zábavné vědomostní soutěže, která vás provede po historii feťáků, crossdresserů a nacistů na obrazovkách. Moderuje nechtěné komické duo tvůrců TeleRevize - Pepuna Chaloupková a Sebastián Šikl.
https://program.lfs.cz/detail/?film=TeleRevision-20--Pub-Quiz","Uherské Hradiště, Stan ČT"
Údolí včel,29/07/2024,17:00,29/07/2024,18:51,False,"František Vláčil / ČSSR 1967 / 96 min. / DCP
Mladý rytíř by rád zakusil život mimo přísný řád, jeho nejbližší přítel mu však tuto hříšnou touhu nedokáže prominout. Jan Kačer mimo svůj obvyklý typ ve fyzicky nejnáročnějším filmu své kariéry, bergmanovsky laděném historickém dramatu Františka Vláčila o souboji askeze a svobody.
https://www.csfd.cz/film/9353-udoli-vcel/recenze/
https://www.imdb.com/title/tt0122770/reference
https://program.lfs.cz/detail/?film=The-Valley-of-the-Bees","Uherské Hradiště, Slovácké divadlo"
Lekce filmu podle Ildikó Enyediové,29/07/2024,17:30,29/07/2024,19:00,False,"90 min.
Společně s Mártou Mészárosovu nejslavnější maďarská filmová režisérka získala v roce 1989 hned za svůj debut Mé 20. století Zlatou kameru na MFF v Cannes. Další obrovský úspěch pak zaznamenala v roce 2017, kdy obdržela Zlatého medvěda na Berlinale za snímek O těle a duši. Během lekce filmu budeme analyzovat její režijní styl, její tvůrčí cézuru trvající prakticky 18 let i situaci v současné maďarské kinematografii.
https://program.lfs.cz/detail/?film=Masterclass-with-Ildik%c3%b3-Enyedi","Uherské Hradiště, Klub kultury - Malý sál"
Best of LFŠ I,01/08/2024,8:30,01/08/2024,10:30,False,"120 min.

https://program.lfs.cz/detail/?film=Best-of-SFS-I","Uherské Hradiště, Klub kultury - Velký sál"
Divadlo Kampa: O psu Pes,30/07/2024,14:00,30/07/2024,14:50,False,"50 min.
Když se pes jménem PES vydá hledat štěstí do světa, potká jednu ukřičenou holčičku, do které se úplně zamiluje. Pro děti od 4 let, vstupné 130 Kč.
https://program.lfs.cz/detail/?film=Kampa-Theatre--A-Dog-Named-Dog","Uherské Hradiště, Dětský/herní stan"
Procesy,31/07/2024,18:00,31/07/2024,19:55,False,"Pracesy / Andrej Kašperski / Bělorusko, Polsko 2023 / 100 min. / HD file
Antologie čtyř příběhů v žánru černé komedie odhaluje podstatu totalitárních praktik současného Běloruska. Pohledem policajta, úředníka, patriotky a příslušníka tajné služby nahlížíme procesy utužování současného režimu od situací vyloženě humorných až po ty, při nichž stydne krev v žilách.
https://program.lfs.cz/detail/?film=Processes","Uherské Hradiště, Sportovní hala"
"Divadlo Polárka: O hlupákovi, který nosí kožich",28/07/2024,14:00,28/07/2024,15:00,False,"60 min.
Příběh o tom, že lidé nemají vždycky pravdu a že být medvědem je naprosto v pořádku. Pro děti od 3 let, kapacita omezená,  vstupné 130 Kč.
https://program.lfs.cz/detail/?film=Pol%c3%a1rka-Theatre--A-Fool-in-a-Fur-Coat","Uherské Hradiště, Dětský/herní stan"
Konec bez konce: Živá filmová performance,29/07/2024,19:00,29/07/2024,20:00,False,"60 min.
Zažijte multimediální performance spojující divadlo, video-art a filmovou animaci. Umělkyně Lydia Greer představuje dílo, kde fyzické objekty a loutky vystupují z plátna do reálného prostoru. Prostřednictvím analogových i digitálních projekcí vytváří unikátní vizuální vyprávění o přežití a vyhynutí, o nekonečných životních cyklech zvířat, rostlin a křehkých ekosystémech ohrožených klimatickou změnou. Věk: 8+
https://program.lfs.cz/detail/?film=The-Endless-End--Live-Film-Performance","Uherské Hradiště, Reduta - Velký sál"
Hrubá hudba,30/07/2024,20:00,30/07/2024,21:20,False,"80 min.

https://program.lfs.cz/detail/?film=Hrub%c3%a1-Hudba-Dulcimer-Band","Uherské Hradiště, Park Rochus - Amfiteátr"
Tragéd Fantozzi,28/07/2024,23:59,29/07/2024,1:59,False,"Il secondo tragico Fantozzi / Luciano Salce / Itálie 1976 / 105 min. / 15 let / DVD
Druhá obžaloba kapitalistického vykořisťování nebohých zaměstnanců nabízí jeden z vrcholů Fantozziho nekonečné série útrap – totiž upřímné anticinefilní poplivání Křižníku Potěmkin a s ním související oslavu přízemnějších radovánek. Tohle je účetní Ugo Fantozzi ve vrcholné formě.
https://www.csfd.cz/film/32757-traged-fantozzi/recenze/
https://www.imdb.com/title/tt0075178/reference
https://program.lfs.cz/detail/?film=The-Second-Tragic-Fantozzi","Uherské Hradiště, Sportovní hala"
"Iveta, Luďan, Božena! Q&A s „kmotrem“ české seriálové tvorby Michalem Reitlerem",31/07/2024,12:00,31/07/2024,13:30,False,"90 min.
Jaké etické otázky bylo třeba řešit u seriálu o sériovém vrahovi Metoda Markovič: Hojer? Jak těžké bylo prosadit v České televizi Most!? Potřebovali jsme seriál o Ivetě Bartošové a být v posteli s Boženou Němcovou? Budou tu někdy vznikat světové seriály? Přijďte se zeptat producenta a dramaturga Michala Reitlera, který byl u všech – a mnoha dalších. Moderuje redaktorka Respektu Jindřiška Bláhová.
https://program.lfs.cz/detail/?film=Iveta%2c-Lu%c4%8fan%2c-Bo%c5%beena!-Q%26A-With-The-%e2%80%9cGodfather%e2%80%9d-Of-Czech-TV-Series-Michal-Reitler","Uherské Hradiště, Respekt stan"
Hostinec v Tokiu (hudba: Massimo Pupillo),31/07/2024,15:30,31/07/2024,17:06,False,"Tókjó no jado / Jasudžiró Ozu / Japonsko 1935 / 81 min. / 35mm
Hostinec v Tokiu je posledním Ozuovým dochovaným němým filmem, stejně jako posledním snímkem o potulném dělníkovi Kihačim, jenž se tentokrát s dvěma synky během hospodářské krize snaží najít práci a pomoci svobodné matce, jež si získá jeho soucit. Jde přitom o mistrovské dílo s řadou rysů Ozuových pozdějších, konceptuálnějších snímků.
https://www.csfd.cz/film/124942-tokjo-no-jado/recenze/
https://www.imdb.com/title/tt0027118/combined
https://program.lfs.cz/detail/?film=An-Inn-in-Tokyo-(Music--Massimo-Pupillo)","Uherské Hradiště, Kino Hvězda"
"„Marečku, podejte mi pero!“",26/07/2024,22:00,26/07/2024,23:35,False,"Oldřich Lipský / ČSSR 1976 / 95 min. / DCP
Zaměstnanec továrny na zemědělské stroje si musí po večerech dodělat maturitu, pokud chce zůstat mistrem i v novém provozu. Ladislav Smoljak, Zdeněk Svěrák a Oldřich Lipský svým druhým společným filmem navázali na tuzemskou tradici veseloher ze školního prostředí.
https://www.csfd.cz/film/5992-marecku-podejte-mi-pero/prehled/
https://www.imdb.com/title/tt0074865/?ref_=nm_flmg_t_8_dr
https://program.lfs.cz/detail/?film=Marecek%2c-Pass-Me-the-Pen!","Uherské Hradiště, Letní kino Masarykovo náměstí"
Cimbálová muzika Ohnica,31/07/2024,19:00,01/08/2024,0:00,False,"300 min.

https://program.lfs.cz/detail/?film=Ohnica-Dulcimer-Band","Uherské Hradiště, Cimbál stage"
Primetimová televizní zábava v NDR,28/07/2024,10:00,28/07/2024,11:00,False,"60 min.
Televizní signál veřejnoprávních stanic Spolkové republiky Německo od poloviny padesátých let pokrýval značnou část území Německé demokratické republiky. Televize NDR tedy už od svého vzniku měla konkurenci a musela s tím počítat. S tím souvisela i koncepce velkých sobotních zábavných pořadů, které měly čelit těm západoněmeckým, z nichž nejznámější byl         Ein Kessel Buntes. Ale vedle něj se odvysílala i řada dalších, u nás neznámých.
https://program.lfs.cz/detail/?film=Primetime-TV-Entertainment-in-the-GDR","Uherské Hradiště, Stan ČT"
DJs TMS (Mutaphone) a Akkamiau,29/07/2024,23:30,30/07/2024,4:30,False,"300 min.

https://program.lfs.cz/detail/?film=DJs-TMS-(Mutaphone)-a-Akkamiau","Uherské Hradiště, Klub Mír (bar)"
HOT TV: Proč true crime a proč teď?,29/07/2024,10:00,29/07/2024,11:30,False,"90 min.
True crime zažil v posledních deseti letech v televizi, ale i v podcastu skutečný boom. Na jednu stranu lze pozorovat souvislost s rozvojem internetu, na druhou stranu zločin lidstvo fascinuje od nepaměti. Ať už se jedná o veřejné popravy v minulosti či nejnovější seriály na Netflixu, zločiny v nás zkrátka vzbuzují morbidní zvědavost. Co všechno se podílí na oblibě true crime a proč nás vůbec zajímá a fascinuje žánr, který zobrazuje násilí a nejhorší lidské stránky? O žánru, jeho ambivalenci a současném vzestupu promluví televizní teoretička Klára Feikusová z Univerzity Palackého.
https://program.lfs.cz/detail/?film=HOT-TV--Why-True-Crime-and-Why-Now%3f","Uherské Hradiště, Klub kultury - Malý sál"
Špinavé ulice,31/07/2024,21:00,31/07/2024,23:08,False,"Mean Streets / Martin Scorsese / USA 1973 / 113 min. / DCP
Drama dvou kamarádů Charlieho a Johnny Boye se odehrává na ulicích a v barech newyorské čtvrti Little Italy, kterou režisér Martin Scorsese důvěrně znal, a zavádí nás do prostředí drobných podvodníčků, kšeftařů, lichvářů, výběrčích dluhů, sázkařů, kteří vesměs pracují pro velké mafiány, schovávající se nenápadně v pozadí.
https://www.csfd.cz/film/8254-spinave-ulice/recenze/
https://www.imdb.com/title/tt0070379/reference
https://program.lfs.cz/detail/?film=Mean-Streets","Uherské Hradiště, Sportovní hala"
Pohádky tisíce a jedné noci,30/07/2024,21:30,30/07/2024,23:15,False,"Karel Zeman / ČSSR 1974 / 90 min. / HD file
Návrat Karla Zemana k animovanému filmu se uskutečnil prostřednictvím pohádek o námořníku Sindibádovi. V sedmi původně samostatných krátkých epizodách stylizovaných podle perských miniatur hlavní hrdina šťastně prochází všemi nástrahami, aby nakonec došel k poznání, že mocnější než bohatství je opravdová láska.
https://www.csfd.cz/film/10121-pohadky-tisice-a-jedne-noci/prehled/
https://www.imdb.com/title/tt0072004/reference
https://program.lfs.cz/detail/?film=A-Thousand-and-One-Nights","Uherské Hradiště, Letní kino Smetanovy sady"
Probuzení,29/07/2024,10:30,29/07/2024,12:22,False,"Jiří Krejčík / Československo 1959 / 97 min. / HD file
Probuzení Jiřího Krejčíka začalo prapůvodně vznikat již v roce 1956 jako snímek doplňující tažení proti páskům a problémové mládeži. Původního námětu jednoho z nejangažovanějších československých scenáristů 40. a 50. let Otakara Kirchnera (Zocelení, 1950; DS-70 nevyjíždí, 1949; Akce B, 1947) se naštěstí chopil Jiří Krejčík a přes řadu tvůrčích kompromisů z něj vytvořil pozoruhodný sociálně-psychologický snímek.
https://www.csfd.cz/film/5333-probuzeni/prehled/
https://www.imdb.com/title/tt0173057/?ref_=nm_flmg_c_27_dr
https://program.lfs.cz/detail/?film=Awakening","Uherské Hradiště, Reduta - Velký sál"
Chytrý Kvíz,27/07/2024,20:00,28/07/2024,0:00,False,"240 min.
Každý večer se Dětský stan promění v herní zónu pro dospělé. Večírky s Chytrým Kvízem budou střídat herní seance pro začátečníky i pokročilé hráče.
https://program.lfs.cz/detail/?film=Smart-Quiz","Uherské Hradiště, Dětský/herní stan"
Chytrý Kvíz,29/07/2024,19:00,29/07/2024,23:00,False,"240 min.
Každý večer se Dětský stan promění v herní zónu pro dospělé. Večírky s Chytrým Kvízem budou střídat herní seance pro začátečníky i pokročilé hráče.
https://program.lfs.cz/detail/?film=Smart-Quiz","Uherské Hradiště, Dětský/herní stan"
Chytrý Kvíz,31/07/2024,19:00,31/07/2024,23:00,False,"240 min.
Každý večer se Dětský stan promění v herní zónu pro dospělé. Večírky s Chytrým Kvízem budou střídat herní seance pro začátečníky i pokročilé hráče.
https://program.lfs.cz/detail/?film=Smart-Quiz","Uherské Hradiště, Dětský/herní stan"
Sucho,30/07/2024,10:00,30/07/2024,12:52,False,"Bohdan Sláma / Česká republika, Německo, Slovensko 2024 / 112 min. / DCP
Dva zcela rozdílní patriarchové vládnou svým rodinám. Jeden jezdím velkým autem, obhospodařuje nekonečné lány a zajímá ho jen co největší zisk, druhý chodí bos, stará se o drobné hospodářství a odmítá všechny výdobytky světa. Autorský film Bohdana Slámy vypráví o suchu v krajině i ve vztazích.
https://program.lfs.cz/detail/?film=Dry-Season","Uherské Hradiště, Sportovní hala"
"Štreit - Fotografuji, tedy jsem",31/07/2024,14:30,31/07/2024,16:22,False,"Lubomír Hlavsa, Martin Štoll / Česká republika 2024 / 52 min. / HD file
Lubomír Hlavsa a Martin Štoll přibližují profesní i osobní život dokumentárního fotografa Jindřicha Štreita, který ve své tvorbě usiluje o zachycení nepřikrášlené reality.
https://program.lfs.cz/detail/?film=%c5%a0treit%e2%80%93-I-Photograph%2c-Therefore-I-Am","Uherské Hradiště, Reduta - Velký sál"
Král z Marvin Gardens,28/07/2024,12:30,28/07/2024,14:30,False,"The King of Marvin Gardens / Bob Rafelson / USA 1972 / 105 min. / 15 let / DCP
Rozdílnější bratři snad ani nemůžou existovat. Nejistý obrýlený David jako noční moderátor filadelfské rozhlasové stanice častuje své posluchače autobiografickými monology, zatímco jeho megalomanský sourozenec Jason spřádá v Atlantic City fantastické sny; momentálně chce koupit malý tichomořský ostrov a provozovat na něm kasino.
https://www.csfd.cz/film/15062-kral-z-marvin-gardens/recenze/
https://www.imdb.com/title/tt0068805/reference
https://program.lfs.cz/detail/?film=The-King-of-Marvin-Gardens","Uherské Hradiště, Orlovna"
"Tonda, Slávka a kouzelné světlo",30/07/2024,15:30,30/07/2024,16:52,False,"Česká republika, Slovensko, Maďarsko 2023 / 82 min.
Jedenáctiletý Tonda má jedinečnou vlastnost - od narození svítí. Pro děti od 6 let.
https://program.lfs.cz/detail/?film=Tony%2c-Shelly%2c-and-the-Magic-Light","Uherské Hradiště, Dětský/herní stan"
"Divadlo Koráb: Dlouhý, Široký a Bystrozraký",29/07/2024,14:00,29/07/2024,15:00,False,"60 min.
V klasické pohádce v provedení Divadla Koráb hrají herci, loutky a v hojné míře i písničky. Pro děti od 3 let, vstupné 130 Kč.
https://program.lfs.cz/detail/?film=Kor%c3%a1b-Theatre--Longshanks%2c-Girth%2c-and-Keen","Uherské Hradiště, Dětský/herní stan"
Pohni kostrou! Točíme,30/07/2024,10:00,30/07/2024,12:00,False,"120 min.
Zapni fantazii a proměň se v cokoli! Pro holky a kluky od 6 do 12 let, kapacita je omezená.
https://program.lfs.cz/detail/?film=Move-Your-Bones!-We%e2%80%99re-filming","Uherské Hradiště, Dětský/herní stan"
Tatami,30/07/2024,18:30,30/07/2024,20:28,False,"Zar Amir Ebrahimiová, Guy Nattiv / Gruzie 2023 / 103 min. / DCP
Tatami je jedinečný film, historicky vůbec první, na němž se spolupodílí íránská režisérka a izraelský režisér. Společně vyprávějí příběh Leily, která se má utkat o titul mistryně světa v judu. Cesta na vrchol je přerušena ultimátem íránské vlády – musí zinscenovat prohru, jinak bude považována za zrádkyni země. Podlehne Leila opresi, nebo bude za osobní svobodu bojovat až do konce?
https://www.csfd.cz/film/1410616-tatami/recenze/
https://www.imdb.com/title/tt26674818/reference
https://program.lfs.cz/detail/?film=Tatami","Uherské Hradiště, Kino Hvězda"
Tatami,01/08/2024,11:30,01/08/2024,13:28,False,"Zar Amir Ebrahimiová, Guy Nattiv / Gruzie 2023 / 103 min. / DCP
Tatami je jedinečný film, historicky vůbec první, na němž se spolupodílí íránská režisérka a izraelský režisér. Společně vyprávějí příběh Leily, která se má utkat o titul mistryně světa v judu. Cesta na vrchol je přerušena ultimátem íránské vlády – musí zinscenovat prohru, jinak bude považována za zrádkyni země. Podlehne Leila opresi, nebo bude za osobní svobodu bojovat až do konce?
https://www.csfd.cz/film/1410616-tatami/recenze/
https://www.imdb.com/title/tt26674818/reference
https://program.lfs.cz/detail/?film=Tatami","Uherské Hradiště, Sportovní hala"
Ten čas Zdeňka Lišky (krátké filmy),29/07/2024,15:00,29/07/2024,16:30,False,"90 min.
Hudba Zdeňka Lišky v pozapomenutých klenotech. Objevte elektronickou hudbu, originální sound design a surreálné kombinace nástrojů v krátkých filmech, na nichž se Zdeněk Liška vyřádil jako zkušený skladatel i experimentátor. Pásmo (s filmy Ten čas, Sněhulák a dalšími) sestavil a komentuje Pavel Klusák.
https://program.lfs.cz/detail/?film=That-Time-of-Zden%c4%9bk-Li%c5%a1ka","Uherské Hradiště, Klub kultury - Malý sál"
Jana Kirschner,31/07/2024,20:30,31/07/2024,21:30,False,"60 min.

https://program.lfs.cz/detail/?film=Jana-Kirschner","Uherské Hradiště, Kolejní nádvoří"
Marghe a její matka,31/07/2024,10:30,31/07/2024,13:11,False,"Marghe and Her Mother / Mohsen Makhmalbaf / Itálie 2019 / 101 min. / DCP
Nejnovější film proslulého íránského režiséra Mohsena Makhmalbafa vypráví o mladé matce samoživitelce, která se vydá na pochybnou cestu za štěstím, aby zaopatřila svou šestiletou dcerku Marghe. Od obrazů existenční tísně se režisér dostává k duchovním otázkám o vině, hříchu a vykoupení.
https://www.csfd.cz/film/783346-marghe-and-her-mother/recenze/
https://www.imdb.com/title/tt11045864/reference
https://program.lfs.cz/detail/?film=Marghe-and-Her-Mother","Uherské Hradiště, Sportovní hala"
Ovoce stromů rajských jíme,28/07/2024,11:30,28/07/2024,13:21,False,"Věra Chytilová / Belgie, ČSSR 1969 / 96 min. / HD file
Podobenství Věry Chytilové, které obdobně jako kultovní Sedmkrásky (1966) vznikalo ve spolupráci s Jaroslavem Kučerou a Ester Krumbachovou. Alegorický snímek kombinující biblickou rovinu s kriminální zápletkou, který zhusta spoléhá na stylizované herecké výkony, experimentální formu a pregnantní hudební struktury Zdeňka Lišky.
https://www.csfd.cz/film/1533-ovoce-stromu-rajskych-jime/prehled/
https://www.imdb.com/title/tt0064781/?ref_=nv_sr_srsg_0_tt_2_nm_0_q_ovoce%2520strom%25C5%25AF
https://program.lfs.cz/detail/?film=We-Eat-the-Fruit-of-the-Trees-of-Paradise","Uherské Hradiště, Reduta - Velký sál"
Ovoce stromů rajských jíme,31/07/2024,12:30,31/07/2024,14:21,False,"Věra Chytilová / Belgie, ČSSR 1969 / 96 min. / HD file
Podobenství Věry Chytilové, které obdobně jako kultovní Sedmkrásky (1966) vznikalo ve spolupráci s Jaroslavem Kučerou a Ester Krumbachovou. Alegorický snímek kombinující biblickou rovinu s kriminální zápletkou, který zhusta spoléhá na stylizované herecké výkony, experimentální formu a pregnantní hudební struktury Zdeňka Lišky.
https://www.csfd.cz/film/1533-ovoce-stromu-rajskych-jime/prehled/
https://www.imdb.com/title/tt0064781/?ref_=nv_sr_srsg_0_tt_2_nm_0_q_ovoce%2520strom%25C5%25AF
https://program.lfs.cz/detail/?film=We-Eat-the-Fruit-of-the-Trees-of-Paradise","Uherské Hradiště, Kino Mír"
Lost Highway,29/07/2024,17:30,29/07/2024,20:00,False,"David Lynch / USA, Francie 1997 / 135 min. / 18 let / DCP
Co kdyby se na chodbě před vaším domovem objevila tajemná videopáska? Co kdyby na ní byly nahrávky z vaší ložnice? A co kdyby se díky nim ukázalo, že je váš partner zapletený do brutálního zločinu? Tíživá studie mentálních nemocí nebo sžíravá noční můra – Lynch se opět spojil se spisovatelem Barrym Giffordem, aby na plátno přivedl další zneklidňující podívanou.
https://www.csfd.cz/film/6255-lost-highway/recenze/
https://www.imdb.com/title/tt0116922/reference
https://program.lfs.cz/detail/?film=Lost-Highway","Uherské Hradiště, Klub kultury - Velký sál"
Lost Highway,31/07/2024,8:30,31/07/2024,11:00,False,"David Lynch / USA, Francie 1997 / 135 min. / 18 let / DCP
Co kdyby se na chodbě před vaším domovem objevila tajemná videopáska? Co kdyby na ní byly nahrávky z vaší ložnice? A co kdyby se díky nim ukázalo, že je váš partner zapletený do brutálního zločinu? Tíživá studie mentálních nemocí nebo sžíravá noční můra – Lynch se opět spojil se spisovatelem Barrym Giffordem, aby na plátno přivedl další zneklidňující podívanou.
https://www.csfd.cz/film/6255-lost-highway/recenze/
https://www.imdb.com/title/tt0116922/reference
https://program.lfs.cz/detail/?film=Lost-Highway","Uherské Hradiště, Slovácké divadlo"
Mord,26/07/2024,23:30,27/07/2024,1:09,False,"Adam Martinec / Česká republika, Slovensko 2024 / 84 min. / DCP
Tradice praví, že Karel vždycky v zimě pořádá zabijačku, na níž se sejdou sousedi a rodina. Letos se mu moc nechce, je nervózní, že se něco pokazí – a má pravdu. Slibný celovečerní debut Adama Martince představuje současnou českou vesnici jako místo, na které doléhá proměňující se okolní svět jen v omezené míře.
https://program.lfs.cz/detail/?film=Our-Lovely-Pig-Slaughter","Uherské Hradiště, Slovácké divadlo"
Mord,29/07/2024,21:00,29/07/2024,23:24,False,"Adam Martinec / Česká republika, Slovensko 2024 / 84 min. / DCP
Tradice praví, že Karel vždycky v zimě pořádá zabijačku, na níž se sejdou sousedi a rodina. Letos se mu moc nechce, je nervózní, že se něco pokazí – a má pravdu. Slibný celovečerní debut Adama Martince představuje současnou českou vesnici jako místo, na které doléhá proměňující se okolní svět jen v omezené míře.
https://program.lfs.cz/detail/?film=Our-Lovely-Pig-Slaughter","Uherské Hradiště, Klub kultury - Velký sál"
"Nico, 1988",26/07/2024,18:00,26/07/2024,19:48,False,"Susanna Nicchiarelliová / Itálie 2017 / 93 min. / 15 let / HD file
Poslední dva roky života německé zpěvačky Christy Päffgenové, známější pod pseudonymem Nico, sleduje vítězný film benátské sekce Horizonty. Někdejší vokalistka The Velvet Underground vyráží na své závěrečné turné, během něhož se bude snažit zůstat dost střízlivá na to, aby našla cestu k synovi i sama k sobě.
https://www.csfd.cz/film/539438-nico-1988/recenze/
https://www.imdb.com/title/tt7186092/reference
https://program.lfs.cz/detail/?film=Nico%2c-1988","Uherské Hradiště, Kino Mír"
"Nico, 1988",29/07/2024,15:30,29/07/2024,17:18,False,"Susanna Nicchiarelliová / Itálie 2017 / 93 min. / 15 let / HD file
Poslední dva roky života německé zpěvačky Christy Päffgenové, známější pod pseudonymem Nico, sleduje vítězný film benátské sekce Horizonty. Někdejší vokalistka The Velvet Underground vyráží na své závěrečné turné, během něhož se bude snažit zůstat dost střízlivá na to, aby našla cestu k synovi i sama k sobě.
https://www.csfd.cz/film/539438-nico-1988/recenze/
https://www.imdb.com/title/tt7186092/reference
https://program.lfs.cz/detail/?film=Nico%2c-1988","Uherské Hradiště, Kino Mír"
Dobrozóna: LOCIKA,31/07/2024,13:30,31/07/2024,15:00,False,"90 min.

https://program.lfs.cz/detail/?film=Goodness-Zone--LOCIKA","Uherské Hradiště, Stan literatury/Nové reality"
Vysvětlení všeho,29/07/2024,16:30,29/07/2024,19:16,False,"Magyarázat mindenre / Gábor Reisz / Maďarsko, Slovensko 2023 / 151 min. / DCP
Ábela čeká maturita, jenže on se místo učení utápí v trápení z neopětované lásky. Jeho spolužačka totiž miluje jiného a tomu Ábel nečekaně zkomplikuje život. Gábor Reisz rozehrává milostný trojúhelník jako výchozí bod pro portrét současné maďarské společnosti, kde i nevinná poznámka může mít dalekosáhlé politické důsledky.
https://www.csfd.cz/film/1372735-vysvetlenie-na-vsetko/prehled/
https://program.lfs.cz/detail/?film=Explanation-for-Everything","Uherské Hradiště, Orlovna"
Vysvětlení všeho,31/07/2024,21:00,31/07/2024,23:46,False,"Magyarázat mindenre / Gábor Reisz / Maďarsko, Slovensko 2023 / 151 min. / DCP
Ábela čeká maturita, jenže on se místo učení utápí v trápení z neopětované lásky. Jeho spolužačka totiž miluje jiného a tomu Ábel nečekaně zkomplikuje život. Gábor Reisz rozehrává milostný trojúhelník jako výchozí bod pro portrét současné maďarské společnosti, kde i nevinná poznámka může mít dalekosáhlé politické důsledky.
https://www.csfd.cz/film/1372735-vysvetlenie-na-vsetko/prehled/
https://program.lfs.cz/detail/?film=Explanation-for-Everything","Uherské Hradiště, Klub kultury - Velký sál"
Velký finále PSO,26/07/2024,12:00,26/07/2024,13:47,False,"Dominik Kalivoda / Česká republika 2024 / 92 min. / DCP
Police Symphony Orchestra je stočlenné amatérské hudební sdružení z Police nad Metují. Převážně mladí lidé nejenže hudbou baví sebe a ostatní, ale dokážou překonávat ty nejtěžší překážky, které si před sebe staví. Strhující časosběrný dokument o energii stejně tak nakažlivé jako záviděníhodné.
https://program.lfs.cz/detail/?film=Grand-Finale-of-PSO","Uherské Hradiště, Klub kultury - Velký sál"
Velký finále PSO,28/07/2024,14:00,28/07/2024,16:32,False,"Dominik Kalivoda / Česká republika 2024 / 92 min. / DCP
Police Symphony Orchestra je stočlenné amatérské hudební sdružení z Police nad Metují. Převážně mladí lidé nejenže hudbou baví sebe a ostatní, ale dokážou překonávat ty nejtěžší překážky, které si před sebe staví. Strhující časosběrný dokument o energii stejně tak nakažlivé jako záviděníhodné.
https://program.lfs.cz/detail/?film=Grand-Finale-of-PSO","Uherské Hradiště, Klub kultury - Velký sál"
"Felliniho cesty: Prostory, lidé, filmové styly",28/07/2024,14:30,28/07/2024,16:00,False,"90 min.
Motiv cesty je vstupem do Felliniho tvorby. V mnoha jeho filmech se postavy potulují po okrajových prostorech venkova (Silnice), bezcílně bloudí městem (Sladký život), uvíznou v dopravní zácpě nebo chodí v kruhu (Osm a půl). Fellini se pohybuje mezi italskými provinciemi a hlavním městem nebo mezi minulostí a současností a noří se do nevědomí a chaosu tvorby. Další trajektorie jsou utvářeny jeho skutečnými setkáními: s herci, scenáristy, producenty, skladateli. Přednáška načrtne pomyslnou mapu, která se nás pokusí seznámit s mnohočetnými územími, jež Felliniho kinematografie obývá, a provést nás jimi.
https://program.lfs.cz/detail/?film=The-Journeys-of-Fellini--Spaces%2c-People%2c-Film-Styles","Uherské Hradiště, Klub kultury - Malý sál"
Cesta filmaře: Václav Kadrnka,27/07/2024,16:00,27/07/2024,17:00,False,"60 min.
Masterclass režiséra, scenáristy a zakladatele produkční společnosti Sirius Films. Téma: příběh, pohled, čas - film jako trinitární sloučenina. Václav Kadrnka bude mluvit nejen o práci na předchozích filmech, ale i o přípravách nového snímku Panna Sofia, inspirovaného životem a dílem Jana Amose Komenského.
https://program.lfs.cz/detail/?film=A-Filmmaker%e2%80%99s-Journey--V%c3%a1clav-Kadrnka","Uherské Hradiště, Stan ČT"
"Bachtale Apsa & Bára Hrzánová
",28/07/2024,20:30,28/07/2024,22:00,False,"90 min.

https://program.lfs.cz/detail/?film=Bachtale-Apsa-%26-B%c3%a1ra-Hrz%c3%a1nov%c3%a1","Uherské Hradiště, Kolejní nádvoří"
Ivan Štrpka,28/07/2024,16:00,28/07/2024,17:00,False,"60 min.
Vystoupení výrazné osobnosti současné slovenské poezie i širšího kulturního dění bude jedním z vrcholů výročního literárního programu Letní filmové školy.
https://program.lfs.cz/detail/?film=Ivan-%c5%a0trpka","Uherské Hradiště, Stan literatury/Nové reality"
Hlas němých filmů: Beseda s benšim Ičirem Kataokou,29/07/2024,12:30,29/07/2024,14:00,False,"Hlas němých filmů: beseda s benšim Ičirem Kataokou / 90 min.
Hostem LFŠ bude letos Ičiro Kataoka, následovník významné tradice japonské němé kinematografie, v rámci níž byla promítání filmů aktivně doprovázena mluveným performativním výkonem vypravěčů nazývaných kacuben nebo benši. Excelentní Ičirovu interpretaci budou diváci moci zažít a posoudit hned u dvou němých filmů Jasudžira Ozua. Mezi nimi ale v besedě pohovoří jak o této tradici a své roli v ní, tak o zkušenosti i odpovědnosti člověka, jenž filmy svým hlasem nejen doprovází, ale zároveň je jím pro diváky spolutvoří, dotváří a přetváří.
https://program.lfs.cz/detail/?film=The-Voice-of-Silent-Films--The-Discussion-with-Benshi-Ichiro-Kataoka","Uherské Hradiště, Klub kultury - Malý sál"
Twin Peaks: Svět úžasný i prapodivný,30/07/2024,10:00,30/07/2024,11:30,False,"90 min.
Ze všech příběhů ze všech měst ze všech koutů světa je David Lynch fascinován pouze jediným. „Městečko Twin Peaks a jeho obyvatele jsem si prostě zamiloval,“ prohlásil. Na průkopnickém seriálu televize ABC se v letech 1990 a 1991 podílel jako výkonný producent, několik epizod si sám zrežíroval, je autorem celé řady legendárních scén. Když později ABC další díly odmítla, natočil v roce 1992 celovečerní film Twin Peaks: Ohni se mnou pojď, hluboký, temný snímek o sexuálním zneužívání, který pobouřil kritiky a který je dnes považován za mistrovské dílo. Scény, jež se do filmu nevešly, vyšly v roce 2014 na Blu-ray disku pod názvem Twin Peaks: The Missing Pieces. Další pokračování pak následovalo v roce 2017 prostřednictvím stanice Showtime a třetí série Twin Peaks: Návrat, která je považována za jeden z nejlepších televizních seriálů všech dob. V této přednášce Lynchův svět městečka Twin Peaks podrobně prozkoumáme.
https://program.lfs.cz/detail/?film=Twin-Peaks--A-World-Both-Wonderful-and-Strange","Uherské Hradiště, Klub kultury - Malý sál"
tata_bojs.doc,28/07/2024,10:30,28/07/2024,13:05,False,"Marek Najbrt / Česká republika 2024 / 95 min. / DCP
Jak se z punkové skupiny Tata Bojs stalo oblíbené bigbeatové trio a posléze alternativní hudební uskupení oceňované Zlatými anděly? Režisér Marek Najbrt se spoluscenáristou Robertem Geislerem a divadelníky z Vosto5 přináší hravý portrét této kapely, která baví nejen hudbou.
https://www.csfd.cz/film/1282734-tatabojs-doc/galerie/
https://program.lfs.cz/detail/?film=tata_bojsdoc","Uherské Hradiště, Klub kultury - Velký sál"
Harold a Maude,27/07/2024,20:30,27/07/2024,22:17,False,"Harold and Maude / Hal Ashby / USA 1971 / 92 min. / DCP
Příběh zasmušilého mladíka, který svůj čas tráví vytáčením mondénní matky a návštěvami cizích pohřbů, kde se seznámí s vitální osmdesátnicí s podobně výstředním smyslem pro humor, se ve vánoční nabídce hollywoodských studií roku 1971 vyjímal jako tarantule na piškotovém dortu, můžeme-li použít jedno z přirovnání Raymonda Chandlera.
https://www.csfd.cz/film/16019-harold-a-maude/recenze/
https://www.imdb.com/title/tt0067185/reference
https://program.lfs.cz/detail/?film=Harold-and-Maude","Uherské Hradiště, Sportovní hala"
Harold a Maude,29/07/2024,20:00,29/07/2024,21:47,False,"Harold and Maude / Hal Ashby / USA 1971 / 92 min. / DCP
Příběh zasmušilého mladíka, který svůj čas tráví vytáčením mondénní matky a návštěvami cizích pohřbů, kde se seznámí s vitální osmdesátnicí s podobně výstředním smyslem pro humor, se ve vánoční nabídce hollywoodských studií roku 1971 vyjímal jako tarantule na piškotovém dortu, můžeme-li použít jedno z přirovnání Raymonda Chandlera.
https://www.csfd.cz/film/16019-harold-a-maude/recenze/
https://www.imdb.com/title/tt0067185/reference
https://program.lfs.cz/detail/?film=Harold-and-Maude","Uherské Hradiště, Orlovna"
Syn,26/07/2024,22:30,27/07/2024,0:20,False,"Bik Eneich: Un fils / Mehdi M. Barsaoui / Francie, Tunisko 2019 / 95 min. / 15 let / DCP
Jedenáctiletý Aziz je vážně zraněný během teroristického útoku jen pár měsíců po tuniské revoluci. Potřebná nemocniční péče v zemi takřka neexistuje, a tak je rodina nucena odjet do Libye, kde se schyluje k další revoluci. Během náročné cesty se však brzy ukáže, že beze změn nemůže zůstat ani tradiční rodina.
https://www.csfd.cz/film/764486-syn/prehled/
https://www.imdb.com/title/tt10749760/reference
https://program.lfs.cz/detail/?film=A-Son","Uherské Hradiště, Kino Hvězda"
Syn,01/08/2024,9:00,01/08/2024,10:50,False,"Bik Eneich: Un fils / Mehdi M. Barsaoui / Francie, Tunisko 2019 / 95 min. / 15 let / DCP
Jedenáctiletý Aziz je vážně zraněný během teroristického útoku jen pár měsíců po tuniské revoluci. Potřebná nemocniční péče v zemi takřka neexistuje, a tak je rodina nucena odjet do Libye, kde se schyluje k další revoluci. Během náročné cesty se však brzy ukáže, že beze změn nemůže zůstat ani tradiční rodina.
https://www.csfd.cz/film/764486-syn/prehled/
https://www.imdb.com/title/tt10749760/reference
https://program.lfs.cz/detail/?film=A-Son","Uherské Hradiště, Sportovní hala"
Vánoční sen,26/07/2024,21:30,26/07/2024,21:41,False,"Karel Zeman, Bořivoj Zeman / Protektorát Čechy a Morava 1944 / 11 min. / HD file
Kombinovaný krátký film, pod kterým je poprvé podepsán Karel Zeman jako režisér animovaných sekvencí (o režii se podělil se svým jmenovcem Bořivojem). Snímek původně natočila Hermína Týrlová, jeho negativ ovšem shořel. Za nemocnou Týrlovou dostal příležitost ambiciózní, vášnivý milovník animace Zeman. Výsledkem byla cena za nejlepší loutkový film na MFF v Cannes.
https://www.csfd.cz/film/10097-vanocni-sen/prehled/
https://www.imdb.com/title/tt0039088/?ref_=fn_al_tt_1
https://program.lfs.cz/detail/?film=The-Christmas-Dream","Uherské Hradiště, Letní kino Smetanovy sady"
Příšera z Michiganského jezera,28/07/2024,13:30,28/07/2024,15:48,False,"Lake Michigan Monster / Ryland Brickson Cole Tews / USA 2018 / 78 min. / DCP
„To vypadá jako výmysl malého dítěte nebo opilce.“ Vychlastaná verneovka sršící ryzím tvůrčím zápalem vznikla jako pocta příšeráckým bijákům i filmové magii Karla Zemana a zhmotnila se za 7000 dolarů a přispění hyperaktivní kreativity i nadměrného množství dadaisticky absurdního humoru.
https://www.csfd.cz/film/798157-prisera-z-michiganskeho-jezera/recenze/
https://www.imdb.com/title/tt6748030/reference
https://program.lfs.cz/detail/?film=Lake-Michigan-Monster","Uherské Hradiště, Sportovní hala"
Spalovač mrtvol,27/07/2024,19:30,27/07/2024,21:22,False,"Juraj Herz / ČSSR 1968 / 97 min. / 15 let / HD file
Temně groteskní adaptace novely Ladislava Fuchse kombinuje prvky černé komedie a hororu s ohlasy německého expresionismu. Digitálně restaurovaný významný film československé nové vlny, který se v sedmdesátých letech dostal mezi takzvané trezorové tituly.
https://www.csfd.cz/film/4244-spalovac-mrtvol/prehled/
https://www.imdb.com/title/tt0063633/
https://program.lfs.cz/detail/?film=The-Cremator","Uherské Hradiště, Reduta - Velký sál"
Spalovač mrtvol,30/07/2024,19:30,30/07/2024,21:22,False,"Juraj Herz / ČSSR 1968 / 97 min. / 15 let / HD file
Temně groteskní adaptace novely Ladislava Fuchse kombinuje prvky černé komedie a hororu s ohlasy německého expresionismu. Digitálně restaurovaný významný film československé nové vlny, který se v sedmdesátých letech dostal mezi takzvané trezorové tituly.
https://www.csfd.cz/film/4244-spalovac-mrtvol/prehled/
https://www.imdb.com/title/tt0063633/
https://program.lfs.cz/detail/?film=The-Cremator","Uherské Hradiště, Reduta - Velký sál"
Radio Wave: DJs Humla a TK27 (58G),30/07/2024,22:00,31/07/2024,2:00,False,"240 min.
TK27 a Humla tvoří 2/3 jihlavské rapové crew 58G. Jejich tvorba je inspirována britským, ale i německým rapem, který spojují s elektronickou hudbou. 58G si loni za projekt CITY PARK odnesli cenu Anděl a jejich DJ sety jsou plné současného rapu a UK garage.
https://program.lfs.cz/detail/?film=Radio-Wave--DJs-Humla-a-TK27-(58G)","Uherské Hradiště, Stan literatury/Nové reality"
Večer deskových her s Mindokem,26/07/2024,18:30,26/07/2024,22:30,False,"240 min.
Každý večer se Dětský stan promění v herní zónu pro dospělé. Večírky s Chytrým Kvízem budou střídat herní seance pro začátečníky i pokročilé hráče.Ty nejlepší deskovky opět přiveze MINDOK.
https://program.lfs.cz/detail/?film=Boardgaming-with-Mindok","Uherské Hradiště, Dětský/herní stan"
Večer deskových her s Mindokem,28/07/2024,18:30,28/07/2024,22:30,False,"240 min.
Každý večer se Dětský stan promění v herní zónu pro dospělé. Večírky s Chytrým Kvízem budou střídat herní seance pro začátečníky i pokročilé hráče.Ty nejlepší deskovky opět přiveze MINDOK.
https://program.lfs.cz/detail/?film=Boardgaming-with-Mindok","Uherské Hradiště, Dětský/herní stan"
Večer deskových her s Mindokem,30/07/2024,18:30,30/07/2024,22:30,False,"240 min.
Každý večer se Dětský stan promění v herní zónu pro dospělé. Večírky s Chytrým Kvízem budou střídat herní seance pro začátečníky i pokročilé hráče.Ty nejlepší deskovky opět přiveze MINDOK.
https://program.lfs.cz/detail/?film=Boardgaming-with-Mindok","Uherské Hradiště, Dětský/herní stan"
Doba složitá: Pobuřující umění očima filozofa,31/07/2024,19:30,31/07/2024,20:30,False,"60 min.
Motýli na Máji, Kateřina Olivová a Myslbek na AVU + výběr z kontroverzních filmů. Přijďte se zapojit do diskuse o pobuřujícím umění současnosti. Debata podcastu Doba složitá s hostem filozofem Tomášem Koblížkem. Moderuje Anna Beata Háblová.
https://program.lfs.cz/detail/?film=Convoluted-Age--Outrageous-Art-Through-the-Eyes-of-a-Philosopher","Uherské Hradiště, Stan ČRo"
Limonov: Balada o Edáčkovi,27/07/2024,16:30,27/07/2024,19:03,False,"Limonov, la ballade / Kirill Serebrennikov / Francie, Španělsko, Itálie 2024 / 138 min. / DCP
Eduard Limonov byl revolucionář, zločinec, undergroundový spisovatel i komorník milionáře na Manhattanu. Jeho činy se vzpírají morálce, jejich filmové zpracování žánrovému určení. Divoká jízda osudem kontroverzního bouřliváka pohledem Pawła Pawlikovského, Kirilla Serebrennikova a fenomenálního Bena Whishawa měla premiéru letos v hlavní soutěži Cannes.
https://www.csfd.cz/film/1191018-limonov-la-ballade/recenze/
https://www.imdb.com/title/tt2963262/reference
https://program.lfs.cz/detail/?film=Limonov--The-Ballad","Uherské Hradiště, Slovácké divadlo"
Limonov: Balada o Edáčkovi,29/07/2024,9:30,29/07/2024,12:03,False,"Limonov, la ballade / Kirill Serebrennikov / Francie, Španělsko, Itálie 2024 / 138 min. / DCP
Eduard Limonov byl revolucionář, zločinec, undergroundový spisovatel i komorník milionáře na Manhattanu. Jeho činy se vzpírají morálce, jejich filmové zpracování žánrovému určení. Divoká jízda osudem kontroverzního bouřliváka pohledem Pawła Pawlikovského, Kirilla Serebrennikova a fenomenálního Bena Whishawa měla premiéru letos v hlavní soutěži Cannes.
https://www.csfd.cz/film/1191018-limonov-la-ballade/recenze/
https://www.imdb.com/title/tt2963262/reference
https://program.lfs.cz/detail/?film=Limonov--The-Ballad","Uherské Hradiště, Slovácké divadlo"
Psychedelický Balanc Radia Wave,29/07/2024,18:30,29/07/2024,19:30,False,"60 min.
Psychedelika jsou trendem ve výzkumu i v aplikované péči o duševní zdraví a léčení duševních a psychosomatických onemocnění. O těchto látkách, jejich využití, rizicích, rekreačním užívání, výzkumu a vlivu na mozek i psychiku bude hovořit Marek Nikolic, psycholog a neurovědec z kliniky Psyon a Národního ústavu duševního zdraví, který také učí na 3. Lékařské fakultě Univerzity Karlovy.
https://program.lfs.cz/detail/?film=The-Balance-Podcast--Psychedelics","Uherské Hradiště, Stan ČRo"
Talkshow Čelistí: Neviděls moje prášky?,31/07/2024,17:30,31/07/2024,19:00,False,"90 min.
Letošní slezina Čelistní crew ve složení Aleš Stuchlý a Vít Schmarc – tradičně doplněná o čpavé hudební covery Filipa Černého – proběhne zároveň v duchu bilancování i futurismu. Filmovka slaví 50, někteří z nás brzy také a proto vítáme postupný úbytek orgánů a paměťových buněk předpovědí budoucnosti „u nás na Marse“ i rozpomínáním na naše nejstrašnější zážitky z LFŠ. Chybět ovšem nebude ani anketa o nejlepší filmy roku 1974. Kromě tradiční svaté trojice hostů se tentokrát můžete těšit také na první surrealistické scénické čtení s podtitulem Babička po pitvě. Pan Prošek má svátek. Hleny ven. Snad vám to zdravotně pomůže.
https://program.lfs.cz/detail/?film=%c4%8celisti-Talkshow--Have-You-Seen-My-Pills%3f","Uherské Hradiště, Stan ČRo"
Proč natáčet se Sony,28/07/2024,10:00,28/07/2024,11:30,False,"90 min.
Představíme technologické inovace, které fotoaparáty Sony nabízejí včetně vynikající kvality obrazu, široké škály objektivů, pokročilých funkcí a výkonného hardwaru. Dále probereme jejich ergonomický design a snadné ovládání, které usnadňují práci při natáčení. Součástí budou praktické ukázky, jak maximálně využít potenciál těchto zařízení pro různé videoprodukce od krátkých filmů po profesionální projekty. Přednáška je určena všem, kdo chtějí zlepšit své natáčecí dovednosti a zjistit, proč jsou Sony bezrcadlovky ideální pro moderní filmaře.
https://program.lfs.cz/detail/?film=Why-Shoot-With-Sony","Uherské Hradiště, LFŠ stan"
Buchty,29/07/2024,20:00,29/07/2024,21:00,False,"60 min.
I letos se na Letní filmové škole v Uherském Hradišti představí oblíbený girl talk Ivany Veselkové a Zuzany Fuksové. Podcast o všem a o ničem, co život naděluje a bere.
https://program.lfs.cz/detail/?film=The-Buchty-Podcast","Uherské Hradiště, Stan ČRo"
AEIOU,31/07/2024,17:00,31/07/2024,18:56,False,"Dušan Kukal, Martin Bezouška / ČSSR 1979 / 56 min. / HD file
Přípravy snímku O básničky nikdo nestojí podle námětu Vladimíra Poštulky začaly počátkem roku 1978. Po dvou letech nenápadné realizace byl v březnu 1980 dokončen pod změněným názvem AEIOU a na FAMU nastaly zmatky a nefalšovaný strach v profesorském sboru. Proč? Co bylo příčinou?
https://www.csfd.cz/film/229463-aeiou/prehled/
https://www.imdb.com/title/tt1735175/reference
https://program.lfs.cz/detail/?film=A-E-I-O-U","Uherské Hradiště, Reduta - Velký sál"
Dobyvatel srdcí,27/07/2024,16:00,27/07/2024,18:01,False,"The Heartbreak Kid / Elaine Mayová / USA 1972 / 106 min. / DVD
Židovští novomanželé Lenny a Lila jedou na svatební cestu na Floridu. Už během jízdy ve svém sportovním voze ztrácí Lenny jistotu, že si vybral tu pravou, a v přímořském letovisku už má v hlavě naprosto jasno. Ztepilá blondýna Kelly, s níž se seznámí na pláži, je nejen krásná, ale i milá a bohatá. Takže co asi Lenny udělá?
https://www.csfd.cz/film/19744-dobyvatel-srdci/recenze/
https://www.imdb.com/title/tt0068687/reference
https://program.lfs.cz/detail/?film=The-Heartbreak-Kid","Uherské Hradiště, Orlovna"
Dobyvatel srdcí,30/07/2024,14:00,30/07/2024,16:01,False,"The Heartbreak Kid / Elaine Mayová / USA 1972 / 106 min. / DVD
Židovští novomanželé Lenny a Lila jedou na svatební cestu na Floridu. Už během jízdy ve svém sportovním voze ztrácí Lenny jistotu, že si vybral tu pravou, a v přímořském letovisku už má v hlavě naprosto jasno. Ztepilá blondýna Kelly, s níž se seznámí na pláži, je nejen krásná, ale i milá a bohatá. Takže co asi Lenny udělá?
https://www.csfd.cz/film/19744-dobyvatel-srdci/recenze/
https://www.imdb.com/title/tt0068687/reference
https://program.lfs.cz/detail/?film=The-Heartbreak-Kid","Uherské Hradiště, Orlovna"
Kos,26/07/2024,14:00,26/07/2024,16:14,False,"Paweł Maślona / Polsko 2023 / 119 min. / 15 let / DCP
Snímek Kos vypráví příběh generála Kościuszka po jeho návratu do Polska, kde hodlá rozpoutat protiruské povstání, ale rozhodně nečekejte klasický výpravný historický velkofilm. Režisér Paweł Maślona přistupuje k tématu subverzivně a nezapře své mnohé filmové inspirace, zejména filmy Quentina Tarantina.
https://www.csfd.cz/film/1241102-kos/prehled/
https://www.imdb.com/title/tt15341416/?ref_=nm_knf_t_2
https://program.lfs.cz/detail/?film=Scarborn","Uherské Hradiště, Orlovna"
Kos,29/07/2024,19:30,29/07/2024,21:44,False,"Paweł Maślona / Polsko 2023 / 119 min. / 15 let / DCP
Snímek Kos vypráví příběh generála Kościuszka po jeho návratu do Polska, kde hodlá rozpoutat protiruské povstání, ale rozhodně nečekejte klasický výpravný historický velkofilm. Režisér Paweł Maślona přistupuje k tématu subverzivně a nezapře své mnohé filmové inspirace, zejména filmy Quentina Tarantina.
https://www.csfd.cz/film/1241102-kos/prehled/
https://www.imdb.com/title/tt15341416/?ref_=nm_knf_t_2
https://program.lfs.cz/detail/?film=Scarborn","Uherské Hradiště, Slovácké divadlo"
Výroční Slam Poetry Masters,27/07/2024,20:00,27/07/2024,21:30,False,"90 min.

https://program.lfs.cz/detail/?film=Slam-Poetry-Masters","Uherské Hradiště, Stan literatury/Nové reality"
DJ Dreadlock (Singular Sound System),26/07/2024,22:00,27/07/2024,2:00,False,"240 min.
Člen Singular Sound Systemu, DLC Records a Acid Brothers CZ. Od roku 1999 je stálicí domácích i zahraničních festivalů, hraje v klubech po celé České republice a spolupracuje na různých multižánrových projektech s autory z rapové i reggae scény. Zakladatel DLC Records a reprezentant jednoho z nejstarších moravských soundsystémů. Párty umí rozproudit v rytmu breakbeatu, dance hall, rapu, reggae, house, funky i old school rapu, a to pouze z vinylů.
https://program.lfs.cz/detail/?film=DJ-Dreadlock-(Singular-Sound-System)","Uherské Hradiště, Stan literatury/Nové reality"
Prožitkový tanec s Lenkou Slívovou,28/07/2024,9:00,28/07/2024,10:00,False,"60 min.
Ranní hodinka jemného probuzení a propojení těla, mysli a duše. 
Pozvání k prožitku zvuku v těle, k prožitku zvuku v pohybu.
Hudba je tu jemným průvodcem naší pozornosti směrem dovnitř i ven. 
Naše tělo je tu mapou a vede nás do našich vnitřních krajin.
A taneční cesta každého tanečníka je tak jedinečná!
Nezáleží, kdy jste naposledy tančili, nezáleží na tom, kolik vám je let a kilo.
Stačí dovolit svému tělu... hýbat se, tančit. Těším se vás.
www.lenkaslivova.cz
https://program.lfs.cz/detail/?film=Extatic-Dance-with-Lenka-Sl%c3%advov%c3%a1","Uherské Hradiště, Stan literatury/Nové reality"
Prožitkový tanec s Lenkou Slívovou,31/07/2024,9:00,31/07/2024,10:00,False,"60 min.
Ranní hodinka jemného probuzení a propojení těla, mysli a duše. 
Pozvání k prožitku zvuku v těle, k prožitku zvuku v pohybu.
Hudba je tu jemným průvodcem naší pozornosti směrem dovnitř i ven. 
Naše tělo je tu mapou a vede nás do našich vnitřních krajin.
A taneční cesta každého tanečníka je tak jedinečná!
Nezáleží, kdy jste naposledy tančili, nezáleží na tom, kolik vám je let a kilo.
Stačí dovolit svému tělu... hýbat se, tančit. Těším se vás.
www.lenkaslivova.cz
https://program.lfs.cz/detail/?film=Extatic-Dance-with-Lenka-Sl%c3%advov%c3%a1","Uherské Hradiště, Stan literatury/Nové reality"
50: Příběh Filmovky,27/07/2024,16:30,27/07/2024,17:00,False,"30 min.
Narozeniny Filmovky vybízejí k ohlédnutí za její historií, návštěvníky, hosty i událostmi. A také za neopakovatelnou atmosférou, kterou svátek filmu nabízí.
https://program.lfs.cz/detail/?film=50--The-Story-of-SFS","Uherské Hradiště, Smetanovy sady"
Workshop: Live Film – Creative Film Reflections,28/07/2024,13:00,28/07/2024,15:00,False,"120 min.

https://program.lfs.cz/detail/?film=Workshop--Film-na%c5%beivo-%e2%80%93-kreativn%c3%ad-filmov%c3%a9-reflexe","Uherské Hradiště, HUB 123"
Nevěsta,27/07/2024,15:00,27/07/2024,16:47,False,"Jiří Suchý / ČSSR 1970 / 92 min. / HD file
Dvojice S + Š a osobitá poetika vycházející z divadla Semafor se objevily na plátnech kin několikrát již v šedesátých letech a hvězdou filmového plátna se tak mohl Jiří Suchý cítit již poté, co volnou adaptaci hry Kdyby tisíc klarinetů (1964) navštívily dnes neuvěřitelné 4 milióny diváků. Suchý však toužil být autorským režisérem.
https://www.csfd.cz/film/8770-nevesta/recenze/
https://www.imdb.com/title/tt0066135/reference
https://program.lfs.cz/detail/?film=The-Bride","Uherské Hradiště, Kino Mír"
Nevěsta,29/07/2024,13:00,29/07/2024,15:32,False,"Jiří Suchý / ČSSR 1970 / 92 min. / HD file
Dvojice S + Š a osobitá poetika vycházející z divadla Semafor se objevily na plátnech kin několikrát již v šedesátých letech a hvězdou filmového plátna se tak mohl Jiří Suchý cítit již poté, co volnou adaptaci hry Kdyby tisíc klarinetů (1964) navštívily dnes neuvěřitelné 4 milióny diváků. Suchý však toužil být autorským režisérem.
https://www.csfd.cz/film/8770-nevesta/recenze/
https://www.imdb.com/title/tt0066135/reference
https://program.lfs.cz/detail/?film=The-Bride","Uherské Hradiště, Reduta - Velký sál"
Diváci!,29/07/2024,18:30,29/07/2024,20:58,False,"Spectateurs! / Arnaud Desplechin / Francie 2024 / 88 min. / DCP
Který byl váš první film v životě? Brečíte u filmu? Odkud film sledujete? Je to úplně vzadu, přímo uprostřed anebo z první řady, kde plátno vyplňuje většinu zorného pole a jste pohlceni pohyblivými obrazy? Desplechin představuje svou dokumentární filmovou esej, ale také autofikční coming-of-age o tom, jak možná první lásky vznikají v promítací kabině při projekci Sedmikrásek.
https://www.csfd.cz/film/1518896-spectateurs/recenze/
https://www.imdb.com/title/tt30416258/releaseinfo/#akas
https://program.lfs.cz/detail/?film=Filmlovers!","Uherské Hradiště, Kino Hvězda"
"Portréty: Hudba, film, totalita",31/07/2024,14:00,31/07/2024,15:00,False,"60 min.
„Nejlepší filmová hudba je ta, které si člověk nevšímá,“ řekl svého času geniální skladatel filmové hudby Ennio Morricone. V Československu před rokem 1989 naopak mnohá filmová hudba budila pozornost: skládali ji lidé, pro které mohla být jedinou příležitostí, jak vydělat peníze. Skladatelé a filmaři versus totalita.
https://program.lfs.cz/detail/?film=Portraits--Music%2c-Film%2c-Totalitarianism","Uherské Hradiště, Stan ČRo"
Rentgen,01/08/2024,11:30,01/08/2024,11:42,False,"Prześwietlenie / Krzysztof Kieślowski / Polsko 1974 / 12 min. / 15 let / HD file
Tématem tohoto dokumentu je psychika lidí trpících tuberkulózou, kteří se léčí často daleko od svých domovů a blízkých. Pracovní název projektu zněl „Vrátit se co nejdříve“ a plně odráží touhy protagonistů, kteří před kamerou referují o svých bolestech. Natáčení probíhalo v Sokołowsku v Dolnoslezském kraji, kde Kieślowski strávil své dětství a mládí. Dnes je zde archiv jeho tvorby a každoročně se zde koná filmová přehlídka dedikovaná jeho památce.
https://www.csfd.cz/film/43222-rentgen/filmoteka/
https://www.imdb.com/title/tt0072043/?ref_=fn_al_tt_2
https://program.lfs.cz/detail/?film=X-Ray","Uherské Hradiště, Reduta - Velký sál"
Králové a královna,28/07/2024,11:00,28/07/2024,14:30,False,"Rois et reine / Arnaud Desplechin / Francie, Belgie 2004 / 150 min. / 15 let / 35mm
Nořin život nebyl nikdy jednoduchý. Otec jejího dítěte spáchal sebevraždu, nedávno přišla o otce a právě si prošla rozchodem. Nedaří se jí nalézt potřebný balanc mezi péčí o sebe a o ostatní. A taky je tu Ismaël, bývalý manžel, kterého možná v životě bude znovu potřebovat. Ten se však nezáměrně ocitá v psychiatrické léčebně. Čistokrevné melodrama, v němž se divákovy slzy a smích míchají v jedno.
https://www.csfd.cz/film/94302-kralove-a-kralovna/recenze/
https://www.imdb.com/title/tt0344273/reference
https://program.lfs.cz/detail/?film=Kings-%26-Queen","Uherské Hradiště, Kino Hvězda"
Angolský deník lékařky,26/07/2024,16:00,26/07/2024,17:29,False,"Vladimír Kavčiak / ČSSR 1984 / 89 min.
Televizní hra zachycující dramatické události kolem únosu 66 československých občanů, pracujících v Angole, protivládní organizací UNITA.
https://program.lfs.cz/detail/?film=A-Medical-Diary-from-Angola","Uherské Hradiště, Stan ČT"
Osobnost Plus,29/07/2024,21:30,29/07/2024,22:30,False,"60 min.
Na Českém rozhlasu Plus moderátor Michael Rozsypal pravidelně mluví se zajímavými, mocnými i nevšedními osobnostmi českého veřejného života. Ptá se na cestu, kterou osobnost urazila, aby dosáhla své vysněné práce, na jaké těžkosti naráží, ale také na události aktuálního politického a společenského dění.
https://program.lfs.cz/detail/?film=VIPs-On-Radio-Plus","Uherské Hradiště, Stan ČRo"
HOT TV: True crime eticky a zodpovědně - jak tvořit kontroverzní žánr,31/07/2024,16:00,31/07/2024,17:30,False,"90 min.
True crime je často považován za kontroverzní žánr balancující na hraně etiky. Věnuje se tématům, která v nás vyvolávají znechucení či znepokojení (vražda, násilí), a přesto nás fascinují. Jakými způsoby lze citlivě a zodpovědně přistupovat k tabuizovaným či mnohdy skandálním tématům, aniž by docházelo k exploataci? Na tuto otázku se zaměří panel s účastí producenta Michala Reitlera (Případy 1. oddělení, Devadesátky, Studna) a producentky Ivy Jestřábové (Matematika zločinu), scenáristy Jaroslava Hrušky a producenta Tomáše Hrušky (Metoda Markovič: Hojer) a kulturní publicistky Táni Zabloudilové.
https://program.lfs.cz/detail/?film=HOT-TV--True-Crime-Ethics-and-Responsibility---Creating-a-Controversial-Genre","Uherské Hradiště, Respekt stan"
Divadlo Na zábradlí: Freudovo pozdní odpoledne,28/07/2024,19:00,28/07/2024,20:35,False,"95 min.

https://program.lfs.cz/detail/?film=Na-Z%c3%a1bradl%c3%ad-Theatre--Freud%e2%80%99s-Late-Afternoon","Uherské Hradiště, Slovácké divadlo"
Válka policajtů,27/07/2024,8:30,27/07/2024,11:15,False,"Vojna policajtov / Rudolf Biermann / Slovensko, Česká republika 2024 / 150 min. / 15 let / DCP
Východní Slovensko, první polovina 90. let. Samotářský policejní operativec Miky Mika, který se pohybuje na hraně zákona, dostává mladého nezkušeného parťáka Molyho. Společně si vyšlápnou na mafiána, jenž je kryt z těch nejvyšších míst, a dostávají se tak do nelítostné války s místním podsvětím, policií i tajnou službou.
https://program.lfs.cz/detail/?film=Once-Upon-a-Time-in-the-East","Uherské Hradiště, Slovácké divadlo"
Válka policajtů,30/07/2024,15:00,30/07/2024,18:30,False,"Vojna policajtov / Rudolf Biermann / Slovensko, Česká republika 2024 / 150 min. / 15 let / DCP
Východní Slovensko, první polovina 90. let. Samotářský policejní operativec Miky Mika, který se pohybuje na hraně zákona, dostává mladého nezkušeného parťáka Molyho. Společně si vyšlápnou na mafiána, jenž je kryt z těch nejvyšších míst, a dostávají se tak do nelítostné války s místním podsvětím, policií i tajnou službou.
https://program.lfs.cz/detail/?film=Once-Upon-a-Time-in-the-East","Uherské Hradiště, Slovácké divadlo"
Tyranie mainstreamu… a jak jí nepodlehnout?,29/07/2024,10:30,29/07/2024,12:30,False,"120 min.
V současné době vídáme okolo sebe hodně škatulek. Společnost se vyvinula do kategorizovaného systému, kdy každý je zařazen do škatulky. Konzervativec, liberál, levičák, pravičák, antivaxx, ezomatka, protisystémový, hlupák, zbohatlík, zemanovec, babišovec, ekoterorista a spoustu dalších. Svět ale není tak černobílý. Může za to ekonomika pozornosti.
https://program.lfs.cz/detail/?film=The-Tyranny-of-Mainstream-and-How-To-Resist-It","Uherské Hradiště, Stan literatury/Nové reality"
Okresní přebor – Poslední zápas Pepika Hnátka,02/08/2024,22:00,02/08/2024,23:48,False,"Jan Prušinovský / Česká republika 2012 / 108 min. / DCP
„Nemůžeš chodit? Tak běhej!“ Fotbalový tým Slavoj Houslice míří z okresu na kraj a trenér Hnátek nezná slitování. K velké nevoli velké části mužstva. Sportovní komedie Jana Prušinovského vynesla Ondřeji Vetchému Českého lva za nejlepší mužský výkon ve vedlejší roli.
https://www.csfd.cz/film/274728-okresni-prebor-posledni-zapas-pepika-hnatka/prehled/
https://www.imdb.com/title/tt2210879/?ref_=nm_knf_t_4
https://program.lfs.cz/detail/?film=Sunday-League---Pepik-Hnatek%27s-Final-Match","Uherské Hradiště, Letní kino Masarykovo náměstí"
"Diskuzní panel: Ženy liberální, muži konzervativní - hrozí v mladé generaci názorová propast?",31/07/2024,15:30,31/07/2024,16:30,False,"60 min.
Mezi mladými muži a ženami ve věku od 18 do 29 se otevírá názorová trhlina, kdy muži začínají být konzervativnější, a ženy naopak zase liberálnější. Vyplývá to z dat Gallupova ústavu. Proč se jedná o globální jev – a sedí i na realitu Česka? Jak definovat mužskou roli v době, kdy se výrazně mění ta ženská?
https://program.lfs.cz/detail/?film=Discussion-Panel--Liberal-Women%2c-Conservative-Men---Is-Young-Generation-Facing-An-Opinion-Gap%3f","Uherské Hradiště, Stan ČRo"
Obchod na korze,28/07/2024,19:15,28/07/2024,21:31,False,"Ján Kadár, Elmar Klos / ČSSR 1965 / 121 min. / HD file
Adaptace novely Ladislava Grosmana Past, jež poprvé vyšla roku 1962 v časopise Plamen, je jedním z nejúspěšnějších československých filmů všech dob. Třiceti domácím i mezinárodním cenám dominuje Oscar za nejlepší cizojazyčný film. Kadárovi ho v dubnu 1966 předal slavný Gregory Peck.
https://www.csfd.cz/film/4999-obchod-na-korze/prehled/
https://www.imdb.com/title/tt0059527/?ref_=fn_al_tt_1
https://program.lfs.cz/detail/?film=The-Shop-on-Main-Street","Uherské Hradiště, Reduta - Velký sál"
Pitch naživo,30/07/2024,14:00,30/07/2024,15:30,False,"90 min.
Připojte se k nám na živé nahrávání epizody industry podcastu Pitch.cz přímo na Letní filmové škole Uherské Hradiště! Přivítáme Radanu Korenou, ředitelku LFŠ, předsedkyni Rady AČFK a vedoucí filmového klubu, a Honzu Jílka, programového ředitele LFŠ a dramaturga filmového klubu.
Budeme si povídat o významu a historii filmových klubů a jejich roli v současné filmové kultuře. Dozvíte se, jak filmové kluby ovlivnily vznik a vývoj Letní filmové školy, a nahlédneme do zákulisí této fascinující scény. Přijďte se inspirovat a diskutovat s námi o minulosti i budoucnosti filmových klubů!
https://program.lfs.cz/detail/?film=Pitch-na%c5%beivo","Uherské Hradiště, Respekt stan"
Mariusz Szczygieł: Fakta musí zatančit,26/07/2024,19:00,26/07/2024,20:00,False,"60 min.
Je tu někdo, kdo nečetl Gottland Mariusze Szczygieła? Szczygiel pro nás objevil nejen leccos z vlastní historie, ale i žánr polské literární reportáže.
https://program.lfs.cz/detail/?film=Mariusz-Szczygie%c5%82--The-Facts-Must-Dance","Uherské Hradiště, Stan literatury/Nové reality"
Pod fíkovníky,27/07/2024,18:30,27/07/2024,20:17,False,"Taht Alshajra / Erige Sehiriová / Francie, Německo, Švýcarsko, Tunisko 2021 / 92 min. / DCP
Jeden den v životě mladých pracujících žen na severozápadě Tuniska, v němž se pod korunami fíkovníků střetávají generace, historie, sny, ale i mužské a ženské pohledy. Debutující režisérka Erige Seheriová natočila silně autentický počin, který lze chápat jako metaforu současné společnosti, ale i jako poctu znevýhodněným ženám.
https://www.csfd.cz/film/1078633-pod-fikovniky/prehled/
https://www.imdb.com/title/tt15307126/reference
https://program.lfs.cz/detail/?film=Under-the-Fig-Trees","Uherské Hradiště, Orlovna"
Kráska a psi,26/07/2024,13:30,26/07/2024,15:25,False,"Aala Kaf Ifrit / Kaouther Ben Haniaová / Tunisko, Francie 2017 / 100 min. / 15 let / DCP
Feministický horor založený na skutečné události, v němž se mladá tuniská žena Mariam pokouší domoci spravedlnosti poté, co byla znásilněna skupinou policistů. Namísto zastání však čelí sérii společenských předsudků a zkorumpovanosti policejního systému. Jedna noc, jeden nezapomenutelný prožitek v devíti záběrech.
https://www.csfd.cz/film/506223-kraska-a-psi/recenze/
https://www.imdb.com/title/tt6776572/reference
https://program.lfs.cz/detail/?film=Beauty-and-the-Dogs","Uherské Hradiště, Sportovní hala"
Kráska a psi,29/07/2024,22:30,30/07/2024,0:25,False,"Aala Kaf Ifrit / Kaouther Ben Haniaová / Tunisko, Francie 2017 / 100 min. / 15 let / DCP
Feministický horor založený na skutečné události, v němž se mladá tuniská žena Mariam pokouší domoci spravedlnosti poté, co byla znásilněna skupinou policistů. Namísto zastání však čelí sérii společenských předsudků a zkorumpovanosti policejního systému. Jedna noc, jeden nezapomenutelný prožitek v devíti záběrech.
https://www.csfd.cz/film/506223-kraska-a-psi/recenze/
https://www.imdb.com/title/tt6776572/reference
https://program.lfs.cz/detail/?film=Beauty-and-the-Dogs","Uherské Hradiště, Orlovna"
DJs Husha a Wawakal (Bassta Fidli Crew),28/07/2024,23:30,29/07/2024,4:30,False,"300 min.

https://program.lfs.cz/detail/?film=DJs-Husha-a-Wawakal-(Bassta-Fidli-Crew)","Uherské Hradiště, Klub Mír (bar)"
Na kometě,27/07/2024,23:30,28/07/2024,1:00,False,"Karel Zeman / ČSSR 1970 / 75 min. / HD file
Karel Zeman se po Vynálezu zkázy a Ukradené vzducholodi znovu vrátil k fantastickému světu Julese Verna adaptací jednoho z jeho méně známých románů Na kometě/Hector Servadac aneb Dobrodružná cesta sluneční soustavou. Společně s Janem Procházkou chtěli natočit nevinnou pohádku o neutuchající naději. Ale překotná doba byla proti…
https://www.csfd.cz/film/10113-na-komete/recenze/
https://www.imdb.com/title/tt0066121/reference
https://program.lfs.cz/detail/?film=On-the-Comet","Uherské Hradiště, Letní kino Smetanovy sady"
"Město, prostor, interakce vol. I",27/07/2024,20:00,27/07/2024,21:30,False,"90 min.
Diskusní panel letos znovu otevře téma kvality veřejného prostoru, jeho tvorby, městského plánování, kultivace ve velkém i malém měřítku, a především nutnosti spolupráce všech zainteresovaných – architektů, úředníků, místních politiků, developerů i širší laické veřejnosti. Takže i vás! Hosté: Marek Pokorný (PLATO Ostrava), Veronika Rút Fullerová (designérka se smyslem pro kultivaci měst), Anna Šlapetová (architektka Dolních Břežan). Moderují: Dan Merta (ARCHITECTURA), Richard Vodička (Pole designu).
https://program.lfs.cz/detail/?film=City%2c-Space%2c-Interaction-vol-I","Uherské Hradiště, LFŠ stan"
Mise jménem StratCom,28/07/2024,20:00,28/07/2024,21:30,False,"90 min.
Co je to strategická komunikace státu? Jaký má smysl, proč by ji stát měl vést a jak? Co říká na obavy některých lidí, že jde o snahu prosazovat jeden oficiální správný názor a novodobou podobu cenzury? Na tyto a další otázky bude odpovídat vládní koordinátor strategické komunikace Otakar Foltýn, který je bývalým náčelníkem Vojenské policie a má za sebou mimo jiné mise v Afghánistánu či Kosovu.
Diskusi bude moderovat zástupce šéfredaktorky ČTK Zdeněk Veit a student žurnalistiky Jakub Hříbek.
https://program.lfs.cz/detail/?film=A-Mission-Called-StratCom","Uherské Hradiště, LFŠ stan"
"O robotických psech, lidožravých keřích a pracovních incidentech v univerzu bytí",30/07/2024,17:30,30/07/2024,19:00,False,"90 min.
Nic si nenalhávejme. Konec lidstva se prostě blíží. Jestli bude za rok nebo za statisíce let, kdo ví. Ale ve virtuálních světech mají tvůrci jasno – buď nás sežere sama příroda, nebo si budeme tak moc hrát se zákony fyziky, až se stavebnice zboří, a pak po nás zůstanou jen robotičtí psi, polámané deštníky a zmoklé prádlo na šnůře v monstrózních městech duchů. Je to vše jen virtuální šmíra nebo VR tvůrci mají prst na tepu (budoucí) doby?
https://program.lfs.cz/detail/?film=Robodogs%2c-Man-eating-Shrubs-and-Workplace-Accidents-in-the-Universe","Uherské Hradiště, Klub kultury - Malý sál"
Gimme Shelter,27/07/2024,10:00,27/07/2024,11:46,False,"David Maysles, Albert Maysles, Charlotte Zwerinová / USA 1970 / 91 min. / DCP
Slavná britská rocková skupina Rolling Stones zakončila 6. prosince 1969 svoje americké turné koncertem na Altamontském automobilovém závodišti nedaleko kalifornského města Tracy v okrese San Joaquin. Na koncertě, kde se neplatilo vstupné a jehož ochranou byli výměnou za pivo pověřeni motorkáři Hell’s Angels, byl zabit člověk.
https://www.csfd.cz/film/101323-gimme-shelter/recenze/
https://www.imdb.com/title/tt0065780/reference
https://program.lfs.cz/detail/?film=Gimme-Shelter","Uherské Hradiště, Sportovní hala"
Mladá srdce,30/07/2024,11:00,30/07/2024,12:52,False,"Young Hearts / Anthony Schatteman / Belgie, Nizozemsko 2024 / 97 min. / DCP
Čtrnáctiletý Elias zná lásku jen z dědečkova vyprávění. Není si tak úplně jistý, jestli ji sám dokáže cítit, zvlášť když se mu žádná z holek nelíbí. Jednoho dne se do vedlejšího domu nastěhuje Alexander, který už má s láskou zkušenosti, a Eliasovi změní život… Coming-of-age potěší příběhem o prvních láskách a nečekaně příjemnou atmosférou pro všechny generace.
https://www.csfd.cz/film/1481356-mlada-srdce/recenze/
https://www.imdb.com/title/tt15245268/reference
https://program.lfs.cz/detail/?film=Young-Hearts","Uherské Hradiště, Klub kultury - Velký sál"
"Kdo, když ne... Karel Zeman",30/07/2024,12:30,30/07/2024,14:00,False,"90 min.
Diskusní panel doplněný ukázkami bude zacílený především na poetiku Zemanových celovečerních filmů, její vývoj a vztah k dobovým konvencím dobrodružných příběhů a příběhů pro děti a mládež. Pochopitelně se ale nemůže vyhnout ani produkčním či technickým aspektům projektů „českého Mélièse“, jak Zemanovi mimo jiné přezdívali zahraniční recenzenti. Moderuje Aleš Říman.
https://program.lfs.cz/detail/?film=Kdo%2c-kdy%c5%be-ne-Karel-Zeman","Uherské Hradiště, Klub kultury - Malý sál"
Evropské filmové ceny: Krátké filmy 1,27/07/2024,22:00,27/07/2024,23:51,False,"Španělsko, Maďarsko, Švýcarsko, Rakousko / 96 min. / HD file
Letní filmová škola již třetím rokem spolupracuje s Evropskou filmovou akademií. Díky tomuto unikátnímu spojení vytvoříme každý rok dva bloky krátkých filmů, které loni soutěžily o Evropskou filmovou cenu v kategorii Nejlepší krátký film. Těšit se můžete na ty nejinspirativnější shorty z celého širého evropského prostoru.
https://program.lfs.cz/detail/?film=European-Film-Awards--Short-Films-1","Uherské Hradiště, Reduta - Velký sál"
Evropské filmové ceny: Krátké filmy 1,30/07/2024,15:00,30/07/2024,16:51,False,"Španělsko, Maďarsko, Švýcarsko, Rakousko / 96 min. / HD file
Letní filmová škola již třetím rokem spolupracuje s Evropskou filmovou akademií. Díky tomuto unikátnímu spojení vytvoříme každý rok dva bloky krátkých filmů, které loni soutěžily o Evropskou filmovou cenu v kategorii Nejlepší krátký film. Těšit se můžete na ty nejinspirativnější shorty z celého širého evropského prostoru.
https://program.lfs.cz/detail/?film=European-Film-Awards--Short-Films-1","Uherské Hradiště, Kino Mír"
Vltavská Četba s hvězdičkou: Marek Torčík – Rozložíš paměť,30/07/2024,22:00,30/07/2024,22:30,False,"30 min.
Marek Torčík, aktuální vítěz Magnesie Litery a Ceny Jiřího Ortena, ve svém románu rozebírá dospívání queer chlapce na moravském maloměstě. Český rozhlas stanice Vltava uvede četbu exkluzivně na Filmovce.
https://program.lfs.cz/detail/?film=Vltava-Readings-for-Adults--Marek-Tor%c4%8d%c3%adk-%e2%80%93-Memory-Burn","Uherské Hradiště, Stan ČRo"
Vltavská Četba s hvězdičkou: Marek Torčík – Rozložíš paměť,31/07/2024,22:00,31/07/2024,22:30,False,"30 min.
Marek Torčík, aktuální vítěz Magnesie Litery a Ceny Jiřího Ortena, ve svém románu rozebírá dospívání queer chlapce na moravském maloměstě. Český rozhlas stanice Vltava uvede četbu exkluzivně na Filmovce.
https://program.lfs.cz/detail/?film=Vltava-Readings-for-Adults--Marek-Tor%c4%8d%c3%adk-%e2%80%93-Memory-Burn","Uherské Hradiště, Stan ČRo"
"Workshop: Filmouka - ,,Kapesní” průvodce světem filmu",30/07/2024,14:00,30/07/2024,16:00,False,"120 min.
Přijďte se seznámit s Filmoukou – vaším prvním průvodcem ve světě filmu a audiovize. Autoři knihy vám představí, jak ji využívat a sami si vyzkoušíte praktické ukázky jednotlivých lekcí a aktivit. Tištěnou publikaci doplňuje poutavá multimediální platforma, která zaručuje spoustu zábavy nejen žákům a učitelům, ale i široké veřejnosti. Věk: 8+
https://program.lfs.cz/detail/?film=Workshop--Filmouka-%e2%80%93-A-%e2%80%9cPocket%e2%80%9d-Guide-to-the-World-of-Film","Uherské Hradiště, HUB 123"
Klaun,26/07/2024,23:59,27/07/2024,1:47,False,"Klovn: The Movie / Mikkel Nørgaard / Dánsko 2010 / 93 min. / 15 let / DCP
Hlubokomyslných road movies o nepravděpodobné skupině lidí, pro něž se cesta stane duchovní poutí za objevením svého lepšího já, známe spoustu. V tomto dánském podání ale namísto slz dojetí narazíte na kvantum jiných tekutin a nepříjemných situací – třeba když je člověk příliš ošklivý na to, aby jej pustili do nevěstince.
https://www.csfd.cz/film/309785-klaun/recenze/
https://www.imdb.com/title/tt1680136/reference
https://program.lfs.cz/detail/?film=Klown","Uherské Hradiště, Sportovní hala"
Život k sežrání,27/07/2024,13:30,27/07/2024,15:50,False,"Kristina Dufková / Česká republika, Slovensko, Francie 2024 / 80 min. / DCP
Je mu dvanáct, má nadváhu, zakládá kapelu a rád vaří. A také má rozvedené rodiče. Když se Ben po letních prázdninách vrátí do školy, je šokován, jak se z nudných děvčat staly najednou krásné slečny. Hlavně Klára se mu zdá neodolatelně přitažlivá. Animovaná komedie o nástrahách puberty i obezity.
https://program.lfs.cz/detail/?film=Living-Large","Uherské Hradiště, Klub kultury - Velký sál"
Život k sežrání,29/07/2024,8:30,29/07/2024,10:05,False,"Kristina Dufková / Česká republika, Slovensko, Francie 2024 / 80 min. / DCP
Je mu dvanáct, má nadváhu, zakládá kapelu a rád vaří. A také má rozvedené rodiče. Když se Ben po letních prázdninách vrátí do školy, je šokován, jak se z nudných děvčat staly najednou krásné slečny. Hlavně Klára se mu zdá neodolatelně přitažlivá. Animovaná komedie o nástrahách puberty i obezity.
https://program.lfs.cz/detail/?film=Living-Large","Uherské Hradiště, Kino Hvězda"
Peter Strickland uvádí: Případ Barnabáš Kos,30/07/2024,20:00,30/07/2024,21:47,False,"Prípad Barnabáš Kos / Peter Solan / ČSSR 1964 / 92 min. / DCP
Hráč na triangl Barnabáš Kos je nejsnáze nahraditelný člen orchestru. Svou politickou angažovaností a poslušností si však vyslouží post ředitele. Nově nabytou moc je připravený využít, aby odhalil netušený potenciál svého hudebního nástroje. Případ Barnabáš Kos je dobová satira s nadčasovou platností.
https://www.csfd.cz/film/108827-pripad-barnabas-kos/recenze/
https://www.imdb.com/title/tt0175083/reference
https://program.lfs.cz/detail/?film=Peter-Strickland-Presents--The-Case-of-Barnab%c3%a1%c5%a1-Kos","Uherské Hradiště, Orlovna"
Rozhovor s Markem Torčíkem o četbě románu Rozložíš paměť,29/07/2024,12:30,29/07/2024,13:30,False,"60 min.
Vltava uvedla četbu románu Rozložíš paměť spisovatele Marka Torčíka, který získal letos dvě významná literární ocenění. Četbu exkluzivně uvede na Filmovce a autora pozve k rozhovoru s Klárou Vinčíkovou.
https://program.lfs.cz/detail/?film=Interview-with-Marek-Tor%c4%8d%c3%adk-About-Reading-His-Novel-Memory-Burn","Uherské Hradiště, Stan ČRo"
Rozhovor,31/07/2024,12:00,31/07/2024,14:09,False,"The Conversation / Francis Ford Coppola / USA 1974 / 114 min. / DCP
Harry Caul je na slovo vzatý odborník na odposlouchávání cizích hovorů. Žije osaměle a snaží se držet si od své práce odstup. O svých subjektech ví jen to, co potřebuje ke splnění úkolu, a plně se spoléhá na technologické pomůcky, které má k dispozici. Ale podobné práci se úplně uniknout nedá.
https://www.csfd.cz/film/1636-rozhovor/recenze/
https://www.imdb.com/title/tt0071360/reference
https://program.lfs.cz/detail/?film=The-Conversation","Uherské Hradiště, Kino Hvězda"
Pan Prokouk ouřaduje,26/07/2024,23:30,26/07/2024,23:39,False,"Karel Zeman / Československo 1947 / 9 min. / HD file
V pořadí druhý film, ve kterém se objevil pan Prokouk, Zemanova originální postavička s velkým knírem a slaměným kloboukem. Kratičká agitka vypráví o tom, jak pana Prokouka, obyčejného obuvníka, zláká pohodlí úřednického stavu. Nakonec s úředním šimlem zacvičí a znovu se oddá práci.
https://www.csfd.cz/film/10117-pan-prokouk-ouraduje/recenze/
https://www.imdb.com/title/tt0177086/?ref_=fn_al_tt_1
https://program.lfs.cz/detail/?film=Mr-Prokouk%2c-The-Office-Clerk","Uherské Hradiště, Letní kino Smetanovy sady"
Bublinová show,29/07/2024,15:30,29/07/2024,17:30,False,"120 min.
Nechte se zhypnotizovat čarovným kouzlem bublin od těch nejmenších až po ty osmimetrové.
https://program.lfs.cz/detail/?film=Bubble-Show","Uherské Hradiště, Dětský/herní stan"
Jan Jílek uvádí,01/08/2024,9:30,01/08/2024,11:30,False,"120 min.
Letní filmová škola letos neskončí ve středu večer – ve čtvrtek se totiž uvidíme hned ve čtyřech sálech! V hlavní katedrále LFŠ, kině Hvězda, pro vás pak budou tradičně připraveny tři speciální projekce – svatá trojice festivalu ve složení Radana Korená (ředitelka festivalu), Iva Hejlíčková (programová ředitelka) a Jan Jílek (programový ředitel) vybere své srdcovky, které vám osobně představí. V dokonale uvolněné atmosféře půjde o jediné – naposledy se ponořit do oranžového plyše sedaček kina a společně rozpouštět smutek z právě skončeného festivalu. Neformálně pojaté projekce budou osobním vyznáním tváří festivalu i dekompresní komorou pro vás všechny, kterým z post-LFŠ pátku 2. 8. již teď není volno…
https://program.lfs.cz/detail/?film=Jan-J%c3%adlek-Presents","Uherské Hradiště, Kino Hvězda"
Audiovizuální výchova v pohybu: Inspirace ze zahraničí,27/07/2024,10:30,27/07/2024,12:30,False,"120 min.
Dávno minulé jsou doby, kdy audiovizuální výchova znamenala projekci filmu a vrcholem aktivity bylo vyplnění metodického listu. Svět filmu se dá poznávat i aktivně! V panelové diskuzi vám představíme inspirativní přístupy k filmové a audiovizuální výchově od zahraničních hostů. Dotkneme se témat kreativní filmové reflexe, online nástrojů pro výuku, VR her nebo stínové multimediální projekce.
https://program.lfs.cz/detail/?film=Audiovisual-Education-in-Motion--Inspiration-from-Abroad","Uherské Hradiště, HUB 123"
Pavel Klusák o Kurtovi Cobainovi v živé přednáškové seanci,30/07/2024,12:30,30/07/2024,13:30,False,"60 min.
K 30. výročí smrti legendárního zpěváka Nirvany uvedla Vltava podcast Cobain. Autor Pavel Klusák na Filmovce přiblíží Kurta Cobaina a jeho příběhy v kontextu dnešní doby. A to nejen po hudební, ale i společenské stránce.
https://program.lfs.cz/detail/?film=Pavel-Klus%c3%a1k-on-Kurt-Cobain-In-A-Live-Session","Uherské Hradiště, Stan ČRo"
Inland Empire,31/07/2024,16:30,31/07/2024,19:45,False,"David Lynch / USA, Francie, Polsko 2006 / 180 min. / 15 let / DCP
Herečka Nikki Graceová je obsazena do hlavní role filmu pronásledovaného záhadnou kletbou. Původní herci byli totiž zavražděni a natáčení zrušeno. Nikki se přesto do své role noří stále hlouběji. Ve svém posledním celovečerním filmu se Lynch vrací k oblíbenému tématu zdvojených a rozpadajících se identit v labyrintu filmové fikce a reality.
https://www.csfd.cz/film/220985-inland-empire/recenze/
https://www.imdb.com/title/tt0460829/reference
https://program.lfs.cz/detail/?film=Inland-Empire","Uherské Hradiště, Slovácké divadlo"
Ranní jóga s Janou Drobnou,27/07/2024,9:00,27/07/2024,10:00,False,"60 min.
Přes hodně dynamickou jógu (ashtanga jógu), jsem si uvědomila, že potřebuji více zklidnění a začala jsem praktikovat hlavně jin jógu a klasickou hatha jógu. Snažím se ve svých hodinách inspirovat ke zklidnění a uvolnění spíše než ke strnutí a zatnutí. Miluji pohyb a život se vším, co přináší. Protažením a uvědoměním rozproudíme energii v těle a začneme krásný nový den! Vědomé cvičení ve skupině přináší výjimečné zážitky, přijďte se napojit!
https://kdeco.uh.cz/doc/jana-drobna
https://program.lfs.cz/detail/?film=Morning-Yoga-with-Jana-Drobn%c3%a1","Uherské Hradiště, Stan literatury/Nové reality"
Ranní jóga s Janou Drobnou,29/07/2024,9:00,29/07/2024,10:00,False,"60 min.
Přes hodně dynamickou jógu (ashtanga jógu), jsem si uvědomila, že potřebuji více zklidnění a začala jsem praktikovat hlavně jin jógu a klasickou hatha jógu. Snažím se ve svých hodinách inspirovat ke zklidnění a uvolnění spíše než ke strnutí a zatnutí. Miluji pohyb a život se vším, co přináší. Protažením a uvědoměním rozproudíme energii v těle a začneme krásný nový den! Vědomé cvičení ve skupině přináší výjimečné zážitky, přijďte se napojit!
https://kdeco.uh.cz/doc/jana-drobna
https://program.lfs.cz/detail/?film=Morning-Yoga-with-Jana-Drobn%c3%a1","Uherské Hradiště, Stan literatury/Nové reality"
Ranní jóga s Janou Drobnou,30/07/2024,9:00,30/07/2024,10:00,False,"60 min.
Přes hodně dynamickou jógu (ashtanga jógu), jsem si uvědomila, že potřebuji více zklidnění a začala jsem praktikovat hlavně jin jógu a klasickou hatha jógu. Snažím se ve svých hodinách inspirovat ke zklidnění a uvolnění spíše než ke strnutí a zatnutí. Miluji pohyb a život se vším, co přináší. Protažením a uvědoměním rozproudíme energii v těle a začneme krásný nový den! Vědomé cvičení ve skupině přináší výjimečné zážitky, přijďte se napojit!
https://kdeco.uh.cz/doc/jana-drobna
https://program.lfs.cz/detail/?film=Morning-Yoga-with-Jana-Drobn%c3%a1","Uherské Hradiště, Stan literatury/Nové reality"
Modrý samet,27/07/2024,10:30,27/07/2024,12:46,False,"Blue Velvet / David Lynch / USA 1986 / 121 min. / 15 let / DCP
Odkrývání temných stránek sexuality a pudovosti v jednom z nejkontroverznějších filmů Davida Lynche, v němž se student Jeffrey Beaumont po nálezu uříznutého ucha postupně zaplétá do vyšetřování záhadného zločinu, který ho zavede až k osudovému setkání s barovou zpěvačkou Dorothy. Jeho život už nikdy nebude stejný.
https://www.csfd.cz/film/6247-modry-samet/recenze/
https://www.imdb.com/title/tt0090756/reference
https://program.lfs.cz/detail/?film=Blue-Velvet","Uherské Hradiště, Klub kultury - Velký sál"
Modrý samet,29/07/2024,13:30,29/07/2024,15:46,False,"Blue Velvet / David Lynch / USA 1986 / 121 min. / 15 let / DCP
Odkrývání temných stránek sexuality a pudovosti v jednom z nejkontroverznějších filmů Davida Lynche, v němž se student Jeffrey Beaumont po nálezu uříznutého ucha postupně zaplétá do vyšetřování záhadného zločinu, který ho zavede až k osudovému setkání s barovou zpěvačkou Dorothy. Jeho život už nikdy nebude stejný.
https://www.csfd.cz/film/6247-modry-samet/recenze/
https://www.imdb.com/title/tt0090756/reference
https://program.lfs.cz/detail/?film=Blue-Velvet","Uherské Hradiště, Sportovní hala"
Evžen mezi námi,30/07/2024,16:30,30/07/2024,18:44,False,"Petr Nýdrle / ČSSR 1980 / 74 min. / HD file
Kameramani Petr Nýdrle a Martin Vadas přizvali ke svému mimořádnému cvičení na Katedře filmové a televizní kamery FAMU scenáristu a herce Jana Krause. Společně v průběhu tří let natočili film, který opět rozčeřil stojaté a zatuchlé vody pražské filmové školy.
https://www.csfd.cz/film/26962-evzen-mezi-nami/recenze/
https://www.imdb.com/title/tt0138426/reference
https://program.lfs.cz/detail/?film=Eugene-Among-Us","Uherské Hradiště, Reduta - Velký sál"
Jako nic,27/07/2024,13:00,27/07/2024,15:33,False,"Tyle co nic / Grzegorz Dębowski / Polsko 2023 / 93 min. / 15 let / DCP
Tak trochu detektivka, tak trochu kovbojka. Celovečerní debut Grzegorze Dębowského Jako nic je především strhující sociální drama podávající realistický obraz o současném polském venkovu. V době protestů zemědělců získal jeho snímek dodatečně na aktuálnosti.
https://www.csfd.cz/film/1422734-tyle-co-nic/videa/
https://www.imdb.com/title/tt28366817/?ref_=fn_al_tt_1
https://program.lfs.cz/detail/?film=Next-to-Nothing","Uherské Hradiště, Sportovní hala"
Free Cinema a ASFAV: Hravé dopoledne s Filmoukou,28/07/2024,10:00,28/07/2024,12:00,False,"120 min.
Přijďte se s námi seznámit s novou knížkou pro malé i velké - Filmoukou! Zábavnou formou nahlédneme do tajemství filmových děl. Pro děti od 7 let.
https://program.lfs.cz/detail/?film=Free-Cinema-%26-ASFAV--A-Playful-Afternoon-with-Filmouka","Uherské Hradiště, Dětský/herní stan"
Divadlo Kampa: Jmenuji se Orel,31/07/2024,14:00,31/07/2024,15:00,False,"60 min.
Pohádkový muzikál z jihočeského dvorku. Příběh slepice, která se nebála roztáhnout křídla a předvést let orla, byť jej nikdy v životě neviděla. Pro děti od 5 let, vstupné 130 Kč.
https://program.lfs.cz/detail/?film=Kampa-Theatre--My-Name-Is-Eagle","Uherské Hradiště, Dětský/herní stan"
Silnice,27/07/2024,13:30,27/07/2024,15:34,False,"La strada / Federico Fellini / Itálie 1954 / 109 min. / DCP
Felliniho první oscarový film o dvou osamělých vyděděncích klene oblouk mezi ozvěnami italského neorealismu a režisérovou pozdější tvorbou, naplněnou poetickou symbolikou a cirkusovou rozevlátostí. Pod klaunskou maskou „napůl pomatené, napůl svaté“ Gelsominy zazářila Giulietta Masinová.
https://www.csfd.cz/film/2615-silnice/prehled/
https://www.imdb.com/title/tt0047528/?ref_=tt_mv_close
https://program.lfs.cz/detail/?film=The-Road","Uherské Hradiště, Orlovna"
Silnice,30/07/2024,12:00,30/07/2024,14:04,False,"La strada / Federico Fellini / Itálie 1954 / 109 min. / DCP
Felliniho první oscarový film o dvou osamělých vyděděncích klene oblouk mezi ozvěnami italského neorealismu a režisérovou pozdější tvorbou, naplněnou poetickou symbolikou a cirkusovou rozevlátostí. Pod klaunskou maskou „napůl pomatené, napůl svaté“ Gelsominy zazářila Giulietta Masinová.
https://www.csfd.cz/film/2615-silnice/prehled/
https://www.imdb.com/title/tt0047528/?ref_=tt_mv_close
https://program.lfs.cz/detail/?film=The-Road","Uherské Hradiště, Slovácké divadlo"
Collegium 1704,28/07/2024,17:00,28/07/2024,18:00,False,"60 min.

https://program.lfs.cz/detail/?film=Collegium-1704","Uherské Hradiště, Kostel sv. Františka Xaverského"
Místenka k oknu Jiřího Bulise,30/07/2024,17:30,30/07/2024,19:40,False,"Břetislav Rychlík / Česká republika 2024 / 70 min. / HD file
Jemný film o bolavé duši. Citovky i řachandy. Dokumentární film je příběhem tragického osudu  geniálního hudebního skladatele Jiřího Bulise očima jeho dětí i očima Ivy Bittové, Arnošta Goldflama, Pavla Klusáka, Bolka Polívky, Jana Spáleného, Přemysla Ruta, Báry Zmekové, Miloslava Luthera a mnoha dalších.
https://program.lfs.cz/detail/?film=Window-seat-of-Ji%c5%99%c3%ad-Bulis","Uherské Hradiště, Kino Mír"
Místenka k oknu Jiřího Bulise,01/08/2024,9:30,01/08/2024,10:55,False,"Břetislav Rychlík / Česká republika 2024 / 70 min. / HD file
Jemný film o bolavé duši. Citovky i řachandy. Dokumentární film je příběhem tragického osudu  geniálního hudebního skladatele Jiřího Bulise očima jeho dětí i očima Ivy Bittové, Arnošta Goldflama, Pavla Klusáka, Bolka Polívky, Jana Spáleného, Přemysla Ruta, Báry Zmekové, Miloslava Luthera a mnoha dalších.
https://program.lfs.cz/detail/?film=Window-seat-of-Ji%c5%99%c3%ad-Bulis","Uherské Hradiště, Reduta - Velký sál"
AZ-kvíz,27/07/2024,20:00,27/07/2024,21:30,False,"90 min.
Festivalový speciál legendární televizní soutěže. Uvádí Aleš Zbořil.
https://program.lfs.cz/detail/?film=AZ-Quiz","Uherské Hradiště, Stan ČT"
"Mohsen Makhmalbaf uvádí: Jaro, léto, podzim, zima... a jaro",30/07/2024,11:30,30/07/2024,13:28,False,"Bom yeoreum gaeul gyeoul... geurigo bom / Ki-duk Kim / Jižní Korea, Německo 2003 / 103 min. / 15 let / DVD
Poetický snímek o nekonečném cyklu života a ročních dob patří k vrcholným počinům moderního jihokorejského klasika Kim Ki-duka. Jedná se o první film, na němž se režisér podílel jako herec jedné z hlavních rolí i jako střihač. Premiérově byl uveden na festivalu v Locarnu, odkud si odvezl čtyři ceny.
https://www.csfd.cz/film/136117-jaro-leto-podzim-zima-a-jaro/recenze/
https://www.imdb.com/title/tt0374546/reference
https://program.lfs.cz/detail/?film=Mohsen-Makhmalbaf-Presents--Spring%2c-Summer%2c-Fall%2c-Winter-and-Spring","Uherské Hradiště, Kino Hvězda"
Přezůvky: Linda Bartošová,31/07/2024,14:00,31/07/2024,15:30,False,"90 min.
Co s talkshows, když Leno i Letterman jsou Dědci? Přezůvky jsou veskrze příjemný, pohodlný a domácký formát, rozuměj talkslow. Programový ředitel LFŠ Jan Jílek se spolu s inspirativním a formujícím hostem symbolicky přezují do plyšové obuvi, následně proletí klíčová témata a last but not least zapojí i publikum. Řeč bude o Vysokém Mýtě i Vraclavi, ČM i ČT (České Miss i České televizi), novinářkách i Novinářkách, kráse i Kráse a samozřejmě vypočítáme také vzorečky TK27 či 58G.
https://program.lfs.cz/detail/?film=Slippers--Linda-Barto%c5%a1ov%c3%a1","Uherské Hradiště, Respekt stan"
Blanka Lamrová: Strážnice,29/07/2024,14:00,29/07/2024,14:30,False,"30 min.
S fotografickou dokumentaristkou Blankou Lamrovou se vrátíme na přelom 70. a 80. let a jejíma očima si připomeneme slavný folklorní festival.
https://program.lfs.cz/detail/?film=Blanka-Lamrov%c3%a1--Str%c3%a1%c5%benice","Uherské Hradiště, Galerie Joži Uprky"
Lekce filmu podle Jiřího Suchého,29/07/2024,10:00,29/07/2024,11:30,False,"90 min.
Lekce filmu podle Jiřího Suchého nabídne divákům Letní filmové školy ojedinělou možnost vydat se po stopách ikonických písní, inscenací i filmů. Vzpomínání hudební, divadelní i filmové legendy bude o to zajímavější, že mu při něm bude průvodcem a partnerem hudební publicista Pavel Klusák, který se tvorbě Semaforu věnuje dlouhodobě.
https://program.lfs.cz/detail/?film=Masterclass-with-Ji%c5%99%c3%ad-Such%c3%bd","Uherské Hradiště, Respekt stan"
Vizitka Ondřeje Cihláře,29/07/2024,15:30,29/07/2024,16:30,False,"60 min.
Ondřej Cihlář, moderátor Vltavy, člen Divadla Vosto5 a herec, si na rozhovor do stanu Českého rozhlasu pozve jednoho z významných hostů letošní Filmovky.
https://program.lfs.cz/detail/?film=Interviewed-By-Ond%c5%99ej-Cihl%c3%a1%c5%99","Uherské Hradiště, Stan ČRo"
Večer Radia 1: DJ Douglas Arellanes,26/07/2024,23:30,27/07/2024,3:30,False,"240 min.

https://program.lfs.cz/detail/?film=Radio-1-Night--DJ-Douglas","Uherské Hradiště, Klub Mír (bar)"
Komu patřím,28/07/2024,22:45,29/07/2024,0:57,False,"Mé el Aïn / Meryam Joobeurová / Tunisko, Francie, Kanada 2024 / 117 min. / 15 let / DCP
Na první pohled žije Aicha klidný život se svou rodinou na odlehlém severu Tuniska. Její všední dny však narušují snové vize, zvěstující nejasnou budoucnost. Rodině se záhy převrací život, když se ze Sýrie vrací nejstarší syn Mehdi, který se připojil k teroristické organizaci ISIS. Místo bratra ho však zpátky doprovází tajemná nemluvná žena.
https://www.csfd.cz/film/1485351-me-el-ain/recenze/
https://www.imdb.com/title/tt14680834/reference
https://program.lfs.cz/detail/?film=Who-Do-I-Belong-To","Uherské Hradiště, Orlovna"
Komu patřím,31/07/2024,17:30,31/07/2024,19:42,False,"Mé el Aïn / Meryam Joobeurová / Tunisko, Francie, Kanada 2024 / 117 min. / 15 let / DCP
Na první pohled žije Aicha klidný život se svou rodinou na odlehlém severu Tuniska. Její všední dny však narušují snové vize, zvěstující nejasnou budoucnost. Rodině se záhy převrací život, když se ze Sýrie vrací nejstarší syn Mehdi, který se připojil k teroristické organizaci ISIS. Místo bratra ho však zpátky doprovází tajemná nemluvná žena.
https://www.csfd.cz/film/1485351-me-el-ain/recenze/
https://www.imdb.com/title/tt14680834/reference
https://program.lfs.cz/detail/?film=Who-Do-I-Belong-To","Uherské Hradiště, Klub kultury - Velký sál"
Marek Torčík: Rozložíš paměť,27/07/2024,17:30,27/07/2024,18:30,False,"60 min.
V úspěšném románu Rozložíš paměť se Marek Torčík vrací k vyrůstání v moravském Přerově.
https://program.lfs.cz/detail/?film=Marek-Tor%c4%8d%c3%adk--Memory-Burn","Uherské Hradiště, Stan literatury/Nové reality"
Mosty,28/07/2024,10:00,28/07/2024,12:01,False,"Passage / Levan Akin / Dánsko 2023 / 106 min. / DCP
Lia je důstojně vyhlížející důchodkyně, Achi dvacetiletý nezodpovědný floutek. Tyto dva svedla náhoda a zároveň potřeba udělat ve svém životě něco jinak. Proto se spolu vydávají do ciziny hledat Liinu dávno ztracenou neteř. Nesmírně citlivý snímek o nalézání empatie a skutečných hodnot od mistra queerdramat Levana Akina.
https://www.csfd.cz/film/1485544-passage/galerie/
https://www.imdb.com/title/tt27417166/
https://program.lfs.cz/detail/?film=Crossing","Uherské Hradiště, Sportovní hala"
Mosty,30/07/2024,9:00,30/07/2024,11:01,False,"Passage / Levan Akin / Dánsko 2023 / 106 min. / DCP
Lia je důstojně vyhlížející důchodkyně, Achi dvacetiletý nezodpovědný floutek. Tyto dva svedla náhoda a zároveň potřeba udělat ve svém životě něco jinak. Proto se spolu vydávají do ciziny hledat Liinu dávno ztracenou neteř. Nesmírně citlivý snímek o nalézání empatie a skutečných hodnot od mistra queerdramat Levana Akina.
https://www.csfd.cz/film/1485544-passage/galerie/
https://www.imdb.com/title/tt27417166/
https://program.lfs.cz/detail/?film=Crossing","Uherské Hradiště, Kino Hvězda"
Na pohovce Jožky Kubánika s festivalovým hostem,30/07/2024,20:30,30/07/2024,21:30,False,"60 min.
Živé natáčení populární talk show Českého rozhlasu Zlín pod taktovkou oblíbeného herce Slováckého divadla a moderátora Letní filmové školy Jožky Kubáníka. Přijměte pozvání k neopakovatelné živé hodince s festivalovým hostem, kdy se může stát doslova cokoliv!
https://program.lfs.cz/detail/?film=Jo%c5%beka-Kub%c3%a1nik-Interviews-a-Festival-Guest","Uherské Hradiště, Stan ČRo"
Cimbálová muzika Jaroslava Čecha,28/07/2024,19:00,29/07/2024,0:00,False,"300 min.

https://program.lfs.cz/detail/?film=Jaroslav-%c4%8cech%e2%80%99s-Dulcimer-Band","Uherské Hradiště, Cimbál stage"
Harka,26/07/2024,17:00,26/07/2024,18:39,False,"Lofty Nathan / Belgie, Francie, Lucembursko, Tunisko 2022 / 84 min. / 15 let / DCP
Pohlcující portrét muže, který je po otcově smrti nucen se kromě dluhů postarat i o své dvě mladší sestry. Okolnosti ho dostávají na hranici možností, převážně se živí nelegálním prodejem petroleje na hranicích Libye. A to vše na pozadí revolučních událostí v Tunisku. Jak roste napětí, je jen otázka, kdy přijde zlom.
https://www.csfd.cz/film/1176458-harka/recenze/
https://www.imdb.com/title/tt9317274/reference
https://program.lfs.cz/detail/?film=Harka","Uherské Hradiště, Orlovna"
Harka,31/07/2024,20:00,31/07/2024,21:39,False,"Lofty Nathan / Belgie, Francie, Lucembursko, Tunisko 2022 / 84 min. / 15 let / DCP
Pohlcující portrét muže, který je po otcově smrti nucen se kromě dluhů postarat i o své dvě mladší sestry. Okolnosti ho dostávají na hranici možností, převážně se živí nelegálním prodejem petroleje na hranicích Libye. A to vše na pozadí revolučních událostí v Tunisku. Jak roste napětí, je jen otázka, kdy přijde zlom.
https://www.csfd.cz/film/1176458-harka/recenze/
https://www.imdb.com/title/tt9317274/reference
https://program.lfs.cz/detail/?film=Harka","Uherské Hradiště, Orlovna"
"Polapená dívka (benši: Ičiro Kataoka, hudba: Reiko Emuraová)",30/07/2024,15:30,30/07/2024,17:25,False,"Hidžósen no onna / Jasudžiró Ozu / Japonsko 1933 / 100 min. / DCP
Je v pořádku o Polapené dívce tvrdit, že koketuje s motivy a postupy západních žánrů jako gangsterka nebo kriminální film. Ozu je nicméně uchopuje skrze ty motivy a postupy, které zajímaly hlavně jeho samotného, což ze snímku činí hlavně estetickou diskusi s hollywoodskými konvencemi spíše než jejich prostou variaci.
https://www.csfd.cz/film/124860-hidzosen-no-onna/recenze/
https://www.imdb.com/title/tt0024120/combined
https://program.lfs.cz/detail/?film=Dragnet-Girl-(Benshi--Ichiro-Kataoka%2c-Music--Reiko-Emura)","Uherské Hradiště, Kino Hvězda"
Bezstarostná jízda,26/07/2024,21:30,26/07/2024,23:20,False,"Easy Rider / Dennis Hopper / USA 1969 / 95 min. / DCP
Wyatt a Billy si po úspěšném kšeftu s drogami koupí silné motorky, zbylé peníze schovají do nádrže a vydají se z Los Angeles do New Orleansu na karneval. Na své cestě fotogenickou krajinou amerického jihozápadu potkávají různé lidi, až se jim okázalá demonstrace svobody nakonec stane osudnou.
https://www.csfd.cz/film/4508-bezstarostna-jizda/recenze/
https://www.imdb.com/title/tt0064276/reference
https://program.lfs.cz/detail/?film=Easy-Rider","Uherské Hradiště, Sportovní hala"
Bezstarostná jízda,29/07/2024,14:00,29/07/2024,15:50,False,"Easy Rider / Dennis Hopper / USA 1969 / 95 min. / DCP
Wyatt a Billy si po úspěšném kšeftu s drogami koupí silné motorky, zbylé peníze schovají do nádrže a vydají se z Los Angeles do New Orleansu na karneval. Na své cestě fotogenickou krajinou amerického jihozápadu potkávají různé lidi, až se jim okázalá demonstrace svobody nakonec stane osudnou.
https://www.csfd.cz/film/4508-bezstarostna-jizda/recenze/
https://www.imdb.com/title/tt0064276/reference
https://program.lfs.cz/detail/?film=Easy-Rider","Uherské Hradiště, Orlovna"
Mama Gógó,29/07/2024,19:45,29/07/2024,22:15,False,"Mamma Gógó / Fridrik Thór Fridriksson / Island, Velká Británie, Norsko, Německo, Švédsko 2009 / 90 min. / DCP
Fridrik Thór Fridriksson v 90. letech natočil Děti přírody jako svůj druhý celovečerní film. V zatím posledním filmu se do tohoto období vrací, přímo na slavnostní premiéru, kde ještě jako mladý režisér stojí těsně na hranici zářné budoucnosti a vyhoření. Kromě úspěchu mu na srdci leží také zdraví jeho maminky Gogo.
https://www.csfd.cz/film/272264-babicka-gogo/recenze/
https://www.imdb.com/title/tt1438466/reference
https://program.lfs.cz/detail/?film=Mamma-G%c3%b3g%c3%b3","Uherské Hradiště, Sportovní hala"
"Hello, Welcome",30/07/2024,8:30,30/07/2024,10:10,False,"Šimon Holý / Česká republika 2024 / 85 min. / DCP
Je jim přes třicet, všechny tři jsou herečky a všechny touží posunout svoji kariéru. Mezinárodní filmový festival v Karlových Varech má být ta správná příležitost. Jenže věci se nevyvíjejí, jak mají, a do ohrožení se dostává i jejich přátelství. Režisér Šimon Holý uzavírá svou trilogii o ženách na pokraji změny.
https://program.lfs.cz/detail/?film=Hello%2c-Welcome","Uherské Hradiště, Slovácké divadlo"
Cesta novináře: Josef Kvasnička,28/07/2024,18:00,28/07/2024,19:00,False,"60 min.
Rozhovor s osobností televizní žurnalistiky, kterou aktuálně znáte jako tvář hlavní         zpravodajské relace Události. Jeho cesta v ČT ovšem začala už v říjnu 1996, kdy nastoupil jako         zpravodaj ve Zlínském kraji, odkud reportoval nejen pravidelně o Filmovce, ale třeba o         mimořádných událostech jako byly povodně nebo střelba v restauraci v Uherském Brodě. Své         vysněné povolání, ve kterém nakonec dosáhl až na profesní vrchol, si navíc musel vybojovat         navzdory vážným zdravotním komplikacím.
https://program.lfs.cz/detail/?film=A-Filmmaker%e2%80%99s-Journey--Josef-Kvasni%c4%8dka","Uherské Hradiště, Stan ČT"
HOT TV: What’s the Buzz,27/07/2024,14:00,27/07/2024,15:30,False,"90 min.
Co se za poslední rok událo v televizním světě, o čem se mluví, o čem se nemluví dost? Již tradičně v rámci sekce HOT TV nesmí chybět neformální debata olomoucké trojice ve složení Anna Rufer Bílá, Klára Feikusová a Ondřej Kazík. Co nás zaujalo, co nás překvapilo? Jak se v dnešním světě „peak TV“ dá vůbec zorientovat? O co byste neměli přijít? Dozvíte se o novinkách v dokumentárních pořadech či proč Netflix čím dál víc vypadá jako „klasická televize“.
https://program.lfs.cz/detail/?film=HOT-TV--What%e2%80%99s-the-Buzz","Uherské Hradiště, LFŠ stan"
Cimbálová muzika Mladí Burčáci,27/07/2024,19:00,28/07/2024,0:00,False,"300 min.

https://program.lfs.cz/detail/?film=Mlad%c3%ad-Bur%c4%8d%c3%a1ci-Dulcimer-Band","Uherské Hradiště, Cimbál stage"
Tata Bojs (support: Alois Göbel),27/07/2024,19:30,27/07/2024,21:00,False,"90 min.

https://program.lfs.cz/detail/?film=Tata-Bojs-(support--Alois-G%c3%b6bel)","Uherské Hradiště, Masarykovo náměstí"
Hranice,28/07/2024,8:30,28/07/2024,11:12,False,"Zielona granica / Agnieszka Hollandová / Česká republika 2023 / 147 min. / 15 let / HD file
Jeden z nejdůležitějších a nejdiskutovanějších filmů roku 2023. Agnieszka Hollandová nás v něm zavede na polsko-běloruskou hranici, kde vrcholí humanitární krize. Svými černobílými a téměř dokumentárními záběry nejen popisuje „apokalypsu všedního dne“, ale vede i k zamyšlení a předává své humanistické poselství.
https://www.csfd.cz/film/1280992-hranice/prehled/
https://www.imdb.com/title/tt27722543/?ref_=nm_knf_t_2
https://program.lfs.cz/detail/?film=Green-Border","Uherské Hradiště, Reduta - Velký sál"
Hranice,01/08/2024,11:30,01/08/2024,14:12,False,"Zielona granica / Agnieszka Hollandová / Česká republika 2023 / 147 min. / 15 let / HD file
Jeden z nejdůležitějších a nejdiskutovanějších filmů roku 2023. Agnieszka Hollandová nás v něm zavede na polsko-běloruskou hranici, kde vrcholí humanitární krize. Svými černobílými a téměř dokumentárními záběry nejen popisuje „apokalypsu všedního dne“, ale vede i k zamyšlení a předává své humanistické poselství.
https://www.csfd.cz/film/1280992-hranice/prehled/
https://www.imdb.com/title/tt27722543/?ref_=nm_knf_t_2
https://program.lfs.cz/detail/?film=Green-Border","Uherské Hradiště, Reduta - Velký sál"
"DJs Madara, Weird, Arrange, Schizmatic a Byapee (NoNoise)",28/07/2024,22:00,29/07/2024,2:00,False,"240 min.
NoNoise je 11členné uskupení mladých DJs a producentů z Uherského Hradiště a okolí. Kluci se zaměřují na subžánr elektronické hudby zvaný drum and bass a na scéně působí již šestým rokem. Po počátečním ročním působení ve Zlíně se jejich eventy roku 2019 přestěhovaly do klubu Mír, kde dodnes působí a jako známá stálice rozvíjí dnb kulturu na Uherskohradišťsku. Z jejich řad se na Filmovce představí DJs Madara, Weird, Arrange, Schizmatic a Byapee.
https://program.lfs.cz/detail/?film=DJs-Madara%2c-Weird%2c-Arrange%2c-Schizmatic-a-Byapee-(NoNoise)","Uherské Hradiště, Stan literatury/Nové reality"
Rozluštěné záhady,31/07/2024,12:30,31/07/2024,13:30,False,"60 min.
Umělá inteligence ve službách magického realismu. Český rozhlas uvádí čtvrtou sérii projektu Digitální spisovatel s názvem Rozluštěné záhady. Moderátorka Viktorie představuje unikátní svět konspiračních teorií, mýtů, kryptozoologie a urban legends. Za kreativními narativními prvky stojí ale umělá inteligence. Podcast Rozluštěné záhady se opírá o principy tísnivého údolí, vypůjčuje si prvky magického realismu a nabízí vhled do kreativní práce s jazykovými modely. Prezentuje autorka podcastu Anna Vošalíková.
https://program.lfs.cz/detail/?film=Unravelled-Mysteries","Uherské Hradiště, Stan ČRo"
Cabiriiny noci,26/07/2024,16:00,26/07/2024,18:14,False,"Le notti di Cabiria / Federico Fellini / Itálie 1957 / 119 min. / DCP
Oscarem oceněné drama líčí hořké životní peripetie temperamentní prostitutky z římské periferie, která navzdory svému řemeslu a mnoha trpkým zklamáním stále ještě věří v lásku. Postavu nevinné hříšnice, která touží po vykoupení, považovala Giulietta Masinová za svoji životní roli.
https://www.csfd.cz/film/2610-cabiriiny-noci/prehled/
https://www.imdb.com/title/tt0050783/?ref_=fn_al_tt_1
https://program.lfs.cz/detail/?film=Nights-of-Cabiria","Uherské Hradiště, Sportovní hala"
Cabiriiny noci,29/07/2024,23:00,30/07/2024,1:14,False,"Le notti di Cabiria / Federico Fellini / Itálie 1957 / 119 min. / DCP
Oscarem oceněné drama líčí hořké životní peripetie temperamentní prostitutky z římské periferie, která navzdory svému řemeslu a mnoha trpkým zklamáním stále ještě věří v lásku. Postavu nevinné hříšnice, která touží po vykoupení, považovala Giulietta Masinová za svoji životní roli.
https://www.csfd.cz/film/2610-cabiriiny-noci/prehled/
https://www.imdb.com/title/tt0050783/?ref_=fn_al_tt_1
https://program.lfs.cz/detail/?film=Nights-of-Cabiria","Uherské Hradiště, Slovácké divadlo"
